"ref_area","source","indicator","sex","time","obs_value","obs_status","note_indicator","note_source"
"AFG","BA:15715","EAR_HUBL_SEX_NB","SEX_T","2020",108.65,"B","I11:264_T30:110","R1:3513"
"AFG","BA:15715","EAR_HUBL_SEX_NB","SEX_M","2020",94.45,"B","I11:264_T30:110","R1:3513"
"AFG","BA:15715","EAR_HUBL_SEX_NB","SEX_F","2020",226.07,"B","I11:264_T30:110","R1:3513"
"AGO","BA:13951","EAR_HUBL_SEX_NB","SEX_T","2021",1017.17,,"T30:2","R1:3513"
"AGO","BA:13951","EAR_HUBL_SEX_NB","SEX_M","2021",991.29,,"T30:2","R1:3513"
"AGO","BA:13951","EAR_HUBL_SEX_NB","SEX_F","2021",1100.95,,"T30:2","R1:3513"
"AGO","BA:13951","EAR_HUBL_SEX_NB","SEX_T","2019",1143.76,"B","I11:264_T30:2","R1:3513"
"AGO","BA:13951","EAR_HUBL_SEX_NB","SEX_M","2019",1153.24,"B","I11:264_T30:2","R1:3513"
"AGO","BA:13951","EAR_HUBL_SEX_NB","SEX_F","2019",1113.67,"B","I11:264_T30:2","R1:3513"
"ARG","BA:150","EAR_HUBL_SEX_NB","SEX_T","2023",1709.39,,"T30:61","R1:3513_S4:33"
"ARG","BA:150","EAR_HUBL_SEX_NB","SEX_M","2023",1719.58,,"T30:61","R1:3513_S4:33"
"ARG","BA:150","EAR_HUBL_SEX_NB","SEX_F","2023",1700.74,,"T30:61","R1:3513_S4:33"
"ARG","BA:150","EAR_HUBL_SEX_NB","SEX_T","2022",743.29,,"T30:61","R1:3513_S4:33"
"ARG","BA:150","EAR_HUBL_SEX_NB","SEX_M","2022",729.82,,"T30:61","R1:3513_S4:33"
"ARG","BA:150","EAR_HUBL_SEX_NB","SEX_F","2022",754.79,,"T30:61","R1:3513_S4:33"
"ARG","BA:150","EAR_HUBL_SEX_NB","SEX_T","2021",481.44,,"T30:61","R1:3513_S4:33"
"ARG","BA:150","EAR_HUBL_SEX_NB","SEX_M","2021",494.75,,"T30:61","R1:3513_S4:33"
"ARG","BA:150","EAR_HUBL_SEX_NB","SEX_F","2021",470.73,,"T30:61","R1:3513_S4:33"
"ARG","BA:150","EAR_HUBL_SEX_NB","SEX_T","2020",390.69,,"T30:61","R1:3513_S4:33"
"ARG","BA:150","EAR_HUBL_SEX_NB","SEX_M","2020",392.27,,"T30:61","R1:3513_S4:33"
"ARG","BA:150","EAR_HUBL_SEX_NB","SEX_F","2020",389.35,,"T30:61","R1:3513_S4:33"
"ARG","BA:150","EAR_HUBL_SEX_NB","SEX_T","2019",234.83,,"T30:61","R1:3513_S4:33"
"ARG","BA:150","EAR_HUBL_SEX_NB","SEX_M","2019",234.23,,"T30:61","R1:3513_S4:33"
"ARG","BA:150","EAR_HUBL_SEX_NB","SEX_F","2019",235.37,,"T30:61","R1:3513_S4:33"
"ARG","BA:150","EAR_HUBL_SEX_NB","SEX_T","2018",164.42,,"T30:61","R1:3513_S4:33"
"ARG","BA:150","EAR_HUBL_SEX_NB","SEX_M","2018",162.81,,"T30:61","R1:3513_S4:33"
"ARG","BA:150","EAR_HUBL_SEX_NB","SEX_F","2018",165.89,,"T30:61","R1:3513_S4:33"
"ARG","BA:150","EAR_HUBL_SEX_NB","SEX_T","2017",128.73,,"T30:61","R1:3513_S4:33"
"ARG","BA:150","EAR_HUBL_SEX_NB","SEX_M","2017",127.84,,"T30:61","R1:3513_S4:33"
"ARG","BA:150","EAR_HUBL_SEX_NB","SEX_F","2017",129.57,,"T30:61","R1:3513_S4:33"
"ARM","BA:867","EAR_HUBL_SEX_NB","SEX_T","2022",778.49,,"T30:111","R1:3513_T3:240"
"ARM","BA:867","EAR_HUBL_SEX_NB","SEX_M","2022",844.02,,"T30:111","R1:3513_T3:240"
"ARM","BA:867","EAR_HUBL_SEX_NB","SEX_F","2022",719.15,,"T30:111","R1:3513_T3:240"
"ARM","BA:867","EAR_HUBL_SEX_NB","SEX_T","2021",711.48,,"T30:111","R1:3513_T3:240"
"ARM","BA:867","EAR_HUBL_SEX_NB","SEX_M","2021",776.82,,"T30:111","R1:3513_T3:240"
"ARM","BA:867","EAR_HUBL_SEX_NB","SEX_F","2021",649.79,,"T30:111","R1:3513_T3:240"
"ARM","BA:867","EAR_HUBL_SEX_NB","SEX_T","2020",723.91,,"T30:111","R1:3513_T3:240"
"ARM","BA:867","EAR_HUBL_SEX_NB","SEX_M","2020",789.07,,"T30:111","R1:3513_T3:240"
"ARM","BA:867","EAR_HUBL_SEX_NB","SEX_F","2020",666.42,,"T30:111","R1:3513_T3:240"
"ARM","BA:867","EAR_HUBL_SEX_NB","SEX_T","2019",670.76,,"T30:111","R1:3513_T3:240"
"ARM","BA:867","EAR_HUBL_SEX_NB","SEX_M","2019",758.17,,"T30:111","R1:3513_T3:240"
"ARM","BA:867","EAR_HUBL_SEX_NB","SEX_F","2019",600.34,,"T30:111","R1:3513_T3:240"
"ARM","BA:867","EAR_HUBL_SEX_NB","SEX_T","2018",625.08,"B","I11:264_T30:111","R1:3513_T3:240"
"ARM","BA:867","EAR_HUBL_SEX_NB","SEX_M","2018",684.3,"B","I11:264_T30:111","R1:3513_T3:240"
"ARM","BA:867","EAR_HUBL_SEX_NB","SEX_F","2018",575.74,"B","I11:264_T30:111","R1:3513_T3:240"
"ARM","BA:867","EAR_HUBL_SEX_NB","SEX_T","2017",586.96,,"T30:111","R1:3513_T3:240"
"ARM","BA:867","EAR_HUBL_SEX_NB","SEX_M","2017",667.8,,"T30:111","R1:3513_T3:240"
"ARM","BA:867","EAR_HUBL_SEX_NB","SEX_F","2017",523.73,,"T30:111","R1:3513_T3:240"
"ARM","BA:867","EAR_HUBL_SEX_NB","SEX_T","2016",609.32,,"T30:111","R1:3513_T3:240"
"ARM","BA:867","EAR_HUBL_SEX_NB","SEX_M","2016",665.74,,"T30:111","R1:3513_T3:240"
"ARM","BA:867","EAR_HUBL_SEX_NB","SEX_F","2016",568.46,,"T30:111","R1:3513_T3:240"
"ARM","BA:867","EAR_HUBL_SEX_NB","SEX_T","2015",576.6,,"T30:111","R1:3513_T3:240"
"ARM","BA:867","EAR_HUBL_SEX_NB","SEX_M","2015",649.85,,"T30:111","R1:3513_T3:240"
"ARM","BA:867","EAR_HUBL_SEX_NB","SEX_F","2015",521.51,,"T30:111","R1:3513_T3:240"
"BGD","BA:673","EAR_HUBL_SEX_NB","SEX_T","2017",107.34,,"T30:114","R1:3513"
"BGD","BA:673","EAR_HUBL_SEX_NB","SEX_M","2017",110.53,,"T30:114","R1:3513"
"BGD","BA:673","EAR_HUBL_SEX_NB","SEX_F","2017",98.69,,"T30:114","R1:3513"
"BIH","BA:493","EAR_HUBL_SEX_NB","SEX_T","2023",10.3,"B","I11:264_T30:164","R1:3513"
"BIH","BA:493","EAR_HUBL_SEX_NB","SEX_M","2023",10.48,"B","I11:264_T30:164","R1:3513"
"BIH","BA:493","EAR_HUBL_SEX_NB","SEX_F","2023",10.05,"B","I11:264_T30:164","R1:3513"
"BIH","BA:493","EAR_HUBL_SEX_NB","SEX_T","2022",9.23,"B","I11:264_T30:164","R1:3513"
"BIH","BA:493","EAR_HUBL_SEX_NB","SEX_M","2022",9.27,"B","I11:264_T30:164","R1:3513"
"BIH","BA:493","EAR_HUBL_SEX_NB","SEX_F","2022",9.16,"B","I11:264_T30:164","R1:3513"
"BIH","BA:493","EAR_HUBL_SEX_NB","SEX_T","2021",8.83,"B","I11:264_T30:164","R1:3513"
"BIH","BA:493","EAR_HUBL_SEX_NB","SEX_M","2021",8.84,"B","I11:264_T30:164","R1:3513"
"BIH","BA:493","EAR_HUBL_SEX_NB","SEX_F","2021",8.83,"B","I11:264_T30:164","R1:3513"
"BIH","BA:493","EAR_HUBL_SEX_NB","SEX_T","2020",9.36,"B","I11:264_T30:164","R1:3513_S14:4077"
"BIH","BA:493","EAR_HUBL_SEX_NB","SEX_M","2020",9.27,"B","I11:264_T30:164","R1:3513_S14:4077"
"BIH","BA:493","EAR_HUBL_SEX_NB","SEX_F","2020",9.48,"B","I11:264_T30:164","R1:3513_S14:4077"
"BIH","BA:493","EAR_HUBL_SEX_NB","SEX_T","2016",4.84,,"T30:164","R1:3513"
"BIH","BA:493","EAR_HUBL_SEX_NB","SEX_M","2016",5.03,,"T30:164","R1:3513"
"BIH","BA:493","EAR_HUBL_SEX_NB","SEX_F","2016",4.55,,"T30:164","R1:3513"
"BIH","BA:493","EAR_HUBL_SEX_NB","SEX_T","2015",5.27,,"T30:164","R1:3513"
"BIH","BA:493","EAR_HUBL_SEX_NB","SEX_M","2015",5.11,,"T30:164","R1:3513"
"BIH","BA:493","EAR_HUBL_SEX_NB","SEX_F","2015",5.51,,"T30:164","R1:3513"
"BLZ","BA:934","EAR_HUBL_SEX_NB","SEX_T","2019",9.82,,"T30:65","R1:3513"
"BLZ","BA:934","EAR_HUBL_SEX_NB","SEX_M","2019",9.2,,"T30:65","R1:3513"
"BLZ","BA:934","EAR_HUBL_SEX_NB","SEX_F","2019",10.71,,"T30:65","R1:3513"
"BOL","BA:74","EAR_HUBL_SEX_NB","SEX_T","2022",37.96,,"T30:67","R1:3513"
"BOL","BA:74","EAR_HUBL_SEX_NB","SEX_M","2022",38.32,,"T30:67","R1:3513"
"BOL","BA:74","EAR_HUBL_SEX_NB","SEX_F","2022",37.59,,"T30:67","R1:3513"
"BOL","BA:74","EAR_HUBL_SEX_NB","SEX_T","2021",37.06,"B","I11:264_T30:67","R1:3513"
"BOL","BA:74","EAR_HUBL_SEX_NB","SEX_M","2021",36.68,"B","I11:264_T30:67","R1:3513"
"BOL","BA:74","EAR_HUBL_SEX_NB","SEX_F","2021",37.47,"B","I11:264_T30:67","R1:3513"
"BRA","BX:6355","EAR_HUBL_SEX_NB","SEX_T","2023",30.23,,"T30:68","R1:3513"
"BRA","BX:6355","EAR_HUBL_SEX_NB","SEX_M","2023",33.88,,"T30:68","R1:3513"
"BRA","BX:6355","EAR_HUBL_SEX_NB","SEX_F","2023",27.47,,"T30:68","R1:3513"
"BRA","BX:6355","EAR_HUBL_SEX_NB","SEX_T","2022",27.07,,"T30:68","R1:3513"
"BRA","BX:6355","EAR_HUBL_SEX_NB","SEX_M","2022",29.73,,"T30:68","R1:3513"
"BRA","BX:6355","EAR_HUBL_SEX_NB","SEX_F","2022",25.01,,"T30:68","R1:3513"
"BRA","BX:6355","EAR_HUBL_SEX_NB","SEX_T","2021",26.05,,"T30:68","R1:3513"
"BRA","BX:6355","EAR_HUBL_SEX_NB","SEX_M","2021",28.71,,"T30:68","R1:3513"
"BRA","BX:6355","EAR_HUBL_SEX_NB","SEX_F","2021",23.89,,"T30:68","R1:3513"
"BRA","BX:6355","EAR_HUBL_SEX_NB","SEX_T","2020",31.05,,"T30:68","R1:3513"
"BRA","BX:6355","EAR_HUBL_SEX_NB","SEX_M","2020",34.75,,"T30:68","R1:3513"
"BRA","BX:6355","EAR_HUBL_SEX_NB","SEX_F","2020",27.93,,"T30:68","R1:3513"
"BRA","BX:6355","EAR_HUBL_SEX_NB","SEX_T","2019",26.01,,"T30:68","R1:3513"
"BRA","BX:6355","EAR_HUBL_SEX_NB","SEX_M","2019",29.15,,"T30:68","R1:3513"
"BRA","BX:6355","EAR_HUBL_SEX_NB","SEX_F","2019",23.51,,"T30:68","R1:3513"
"BRA","BX:6355","EAR_HUBL_SEX_NB","SEX_T","2018",23.71,,"T30:68","R1:3513"
"BRA","BX:6355","EAR_HUBL_SEX_NB","SEX_M","2018",26.43,,"T30:68","R1:3513"
"BRA","BX:6355","EAR_HUBL_SEX_NB","SEX_F","2018",21.54,,"T30:68","R1:3513"
"BRA","BX:6355","EAR_HUBL_SEX_NB","SEX_T","2017",22.35,,"T30:68","R1:3513"
"BRA","BX:6355","EAR_HUBL_SEX_NB","SEX_M","2017",24.67,,"T30:68","R1:3513"
"BRA","BX:6355","EAR_HUBL_SEX_NB","SEX_F","2017",20.52,,"T30:68","R1:3513"
"BRA","BX:6355","EAR_HUBL_SEX_NB","SEX_T","2016",20.66,,"T30:68","R1:3513"
"BRA","BX:6355","EAR_HUBL_SEX_NB","SEX_M","2016",23.06,,"T30:68","R1:3513"
"BRA","BX:6355","EAR_HUBL_SEX_NB","SEX_F","2016",18.73,,"T30:68","R1:3513"
"BRA","BX:6355","EAR_HUBL_SEX_NB","SEX_T","2015",18.29,,"T30:68","R1:3513"
"BRA","BX:6355","EAR_HUBL_SEX_NB","SEX_M","2015",20.31,,"T30:68","R1:3513"
"BRA","BX:6355","EAR_HUBL_SEX_NB","SEX_F","2015",16.7,,"T30:68","R1:3513"
"BTN","BA:625","EAR_HUBL_SEX_NB","SEX_T","2022",114.97,,"T30:115","R1:3513"
"BTN","BA:625","EAR_HUBL_SEX_NB","SEX_M","2022",114.16,,"T30:115","R1:3513"
"BTN","BA:625","EAR_HUBL_SEX_NB","SEX_F","2022",116.8,,"T30:115","R1:3513"
"BTN","BA:625","EAR_HUBL_SEX_NB","SEX_T","2021",117.93,,"T30:115","R1:3513"
"BTN","BA:625","EAR_HUBL_SEX_NB","SEX_M","2021",120.09,,"T30:115","R1:3513"
"BTN","BA:625","EAR_HUBL_SEX_NB","SEX_F","2021",113.73,,"T30:115","R1:3513"
"BTN","BA:625","EAR_HUBL_SEX_NB","SEX_T","2020",123.52,,"T30:115","R1:3513"
"BTN","BA:625","EAR_HUBL_SEX_NB","SEX_M","2020",123.38,,"T30:115","R1:3513"
"BTN","BA:625","EAR_HUBL_SEX_NB","SEX_F","2020",123.86,,"T30:115","R1:3513"
"BTN","BA:625","EAR_HUBL_SEX_NB","SEX_T","2019",113.8,,"T30:115","R1:3513"
"BTN","BA:625","EAR_HUBL_SEX_NB","SEX_M","2019",113.39,,"T30:115","R1:3513"
"BTN","BA:625","EAR_HUBL_SEX_NB","SEX_F","2019",114.81,,"T30:115","R1:3513"
"BTN","BA:625","EAR_HUBL_SEX_NB","SEX_T","2018",86.9,,"T30:115","R1:3513"
"BTN","BA:625","EAR_HUBL_SEX_NB","SEX_M","2018",88.64,,"T30:115","R1:3513"
"BTN","BA:625","EAR_HUBL_SEX_NB","SEX_F","2018",82.56,,"T30:115","R1:3513"
"BWA","BX:15710","EAR_HUBL_SEX_NB","SEX_T","2023",73.38,,"T30:4","R1:3513"
"BWA","BX:15710","EAR_HUBL_SEX_NB","SEX_M","2023",85.89,,"T30:4","R1:3513"
"BWA","BX:15710","EAR_HUBL_SEX_NB","SEX_F","2023",64.82,,"T30:4","R1:3513"
"BWA","BX:15710","EAR_HUBL_SEX_NB","SEX_T","2022",59.01,,"T30:4","R1:3513"
"BWA","BX:15710","EAR_HUBL_SEX_NB","SEX_M","2022",72.19,,"T30:4","R1:3513"
"BWA","BX:15710","EAR_HUBL_SEX_NB","SEX_F","2022",49.99,,"T30:4","R1:3513"
"BWA","BX:15710","EAR_HUBL_SEX_NB","SEX_T","2021",53.76,,"T30:4","R1:3513"
"BWA","BX:15710","EAR_HUBL_SEX_NB","SEX_M","2021",61.36,,"T30:4","R1:3513"
"BWA","BX:15710","EAR_HUBL_SEX_NB","SEX_F","2021",49.57,,"T30:4","R1:3513"
"BWA","BX:15710","EAR_HUBL_SEX_NB","SEX_T","2020",52.47,,"T30:4","R1:3513"
"BWA","BX:15710","EAR_HUBL_SEX_NB","SEX_M","2020",61.28,,"T30:4","R1:3513"
"BWA","BX:15710","EAR_HUBL_SEX_NB","SEX_F","2020",46.91,,"T30:4","R1:3513"
"BWA","BX:15710","EAR_HUBL_SEX_NB","SEX_T","2019",52.1,"B","I11:264_T30:4","R1:3513"
"BWA","BX:15710","EAR_HUBL_SEX_NB","SEX_M","2019",60.57,"B","I11:264_T30:4","R1:3513"
"BWA","BX:15710","EAR_HUBL_SEX_NB","SEX_F","2019",45.96,"B","I11:264_T30:4","R1:3513"
"CAN","BA:147","EAR_HUBL_SEX_NB","SEX_T","2023",42.62,,"T30:69","R1:3513"
"CAN","BA:147","EAR_HUBL_SEX_NB","SEX_M","2023",44.87,,"T30:69","R1:3513"
"CAN","BA:147","EAR_HUBL_SEX_NB","SEX_F","2023",41.22,,"T30:69","R1:3513"
"CAN","BA:147","EAR_HUBL_SEX_NB","SEX_T","2022",41.24,,"T30:69","R1:3513"
"CAN","BA:147","EAR_HUBL_SEX_NB","SEX_M","2022",43.51,,"T30:69","R1:3513"
"CAN","BA:147","EAR_HUBL_SEX_NB","SEX_F","2022",39.84,,"T30:69","R1:3513"
"CAN","BA:147","EAR_HUBL_SEX_NB","SEX_T","2021",39.68,,"T30:69","R1:3513"
"CAN","BA:147","EAR_HUBL_SEX_NB","SEX_M","2021",42.61,,"T30:69","R1:3513"
"CAN","BA:147","EAR_HUBL_SEX_NB","SEX_F","2021",37.87,,"T30:69","R1:3513"
"CAN","BA:147","EAR_HUBL_SEX_NB","SEX_T","2020",40.98,,"T30:69","R1:3513"
"CAN","BA:147","EAR_HUBL_SEX_NB","SEX_M","2020",43.32,,"T30:69","R1:3513"
"CAN","BA:147","EAR_HUBL_SEX_NB","SEX_F","2020",39.52,,"T30:69","R1:3513"
"CAN","BA:147","EAR_HUBL_SEX_NB","SEX_T","2019",39.06,,"T30:69","R1:3513"
"CAN","BA:147","EAR_HUBL_SEX_NB","SEX_M","2019",41.24,,"T30:69","R1:3513"
"CAN","BA:147","EAR_HUBL_SEX_NB","SEX_F","2019",37.71,,"T30:69","R1:3513"
"CAN","BA:147","EAR_HUBL_SEX_NB","SEX_T","2018",38.07,,"T30:69","R1:3513"
"CAN","BA:147","EAR_HUBL_SEX_NB","SEX_M","2018",39.98,,"T30:69","R1:3513"
"CAN","BA:147","EAR_HUBL_SEX_NB","SEX_F","2018",36.91,,"T30:69","R1:3513"
"CAN","BA:147","EAR_HUBL_SEX_NB","SEX_T","2017",37.15,,"T30:69","R1:3513"
"CAN","BA:147","EAR_HUBL_SEX_NB","SEX_M","2017",38.89,,"T30:69","R1:3513"
"CAN","BA:147","EAR_HUBL_SEX_NB","SEX_F","2017",36.08,,"T30:69","R1:3513"
"CAN","BA:147","EAR_HUBL_SEX_NB","SEX_T","2016",36.46,,"T30:69","R1:3513"
"CAN","BA:147","EAR_HUBL_SEX_NB","SEX_M","2016",38.38,,"T30:69","R1:3513"
"CAN","BA:147","EAR_HUBL_SEX_NB","SEX_F","2016",35.3,,"T30:69","R1:3513"
"CAN","BA:147","EAR_HUBL_SEX_NB","SEX_T","2015",36.13,,"T30:69","R1:3513"
"CAN","BA:147","EAR_HUBL_SEX_NB","SEX_M","2015",37.98,,"T30:69","R1:3513"
"CAN","BA:147","EAR_HUBL_SEX_NB","SEX_F","2015",34.98,,"T30:69","R1:3513"
"CHE","BA:253","EAR_HUBL_SEX_NB","SEX_T","2022",55.31,,"T30:396","R1:3513"
"CHE","BA:253","EAR_HUBL_SEX_NB","SEX_M","2022",58.58,,"T30:396","R1:3513"
"CHE","BA:253","EAR_HUBL_SEX_NB","SEX_F","2022",52.66,,"T30:396","R1:3513"
"CHE","BA:253","EAR_HUBL_SEX_NB","SEX_T","2021",52.28,,"T30:396","R1:3513"
"CHE","BA:253","EAR_HUBL_SEX_NB","SEX_M","2021",55.29,,"T30:396","R1:3513"
"CHE","BA:253","EAR_HUBL_SEX_NB","SEX_F","2021",49.84,,"T30:396","R1:3513"
"CHE","BA:253","EAR_HUBL_SEX_NB","SEX_T","2020",53.84,,"T30:396","R1:3513"
"CHE","BA:253","EAR_HUBL_SEX_NB","SEX_M","2020",54.58,,"T30:396","R1:3513"
"CHE","BA:253","EAR_HUBL_SEX_NB","SEX_F","2020",53.26,,"T30:396","R1:3513"
"CHE","BA:253","EAR_HUBL_SEX_NB","SEX_T","2019",51.53,,"T30:396","R1:3513"
"CHE","BA:253","EAR_HUBL_SEX_NB","SEX_M","2019",56.09,,"T30:396","R1:3513"
"CHE","BA:253","EAR_HUBL_SEX_NB","SEX_F","2019",47.91,,"T30:396","R1:3513"
"CHE","BA:253","EAR_HUBL_SEX_NB","SEX_T","2018",53.77,,"T30:396","R1:3513"
"CHE","BA:253","EAR_HUBL_SEX_NB","SEX_M","2018",57.23,,"T30:396","R1:3513"
"CHE","BA:253","EAR_HUBL_SEX_NB","SEX_F","2018",50.95,,"T30:396","R1:3513"
"CHE","BA:253","EAR_HUBL_SEX_NB","SEX_T","2017",49.56,,"T30:396","R1:3513"
"CHE","BA:253","EAR_HUBL_SEX_NB","SEX_M","2017",51.15,,"T30:396","R1:3513"
"CHE","BA:253","EAR_HUBL_SEX_NB","SEX_F","2017",48.2,,"T30:396","R1:3513"
"CHE","BA:253","EAR_HUBL_SEX_NB","SEX_T","2016",49.53,,"T30:396","R1:3513"
"CHE","BA:253","EAR_HUBL_SEX_NB","SEX_M","2016",51.44,,"T30:396","R1:3513"
"CHE","BA:253","EAR_HUBL_SEX_NB","SEX_F","2016",47.89,,"T30:396","R1:3513"
"CHE","BA:253","EAR_HUBL_SEX_NB","SEX_T","2015",49.98,,"T30:396","R1:3513"
"CHE","BA:253","EAR_HUBL_SEX_NB","SEX_M","2015",53.16,,"T30:396","R1:3513"
"CHE","BA:253","EAR_HUBL_SEX_NB","SEX_F","2015",47.44,,"T30:396","R1:3513"
"CHL","BB:16207","EAR_HUBL_SEX_NB","SEX_T","2022",5677.29,,"T30:74","R1:3513"
"CHL","BB:16207","EAR_HUBL_SEX_NB","SEX_M","2022",6567.35,,"T30:74","R1:3513"
"CHL","BB:16207","EAR_HUBL_SEX_NB","SEX_F","2022",5017.1,,"T30:74","R1:3513"
"CHL","BB:16207","EAR_HUBL_SEX_NB","SEX_T","2021",5377.36,,"T30:74","R1:3513"
"CHL","BB:16207","EAR_HUBL_SEX_NB","SEX_M","2021",5941.24,,"T30:74","R1:3513"
"CHL","BB:16207","EAR_HUBL_SEX_NB","SEX_F","2021",4878.26,,"T30:74","R1:3513"
"CHL","BB:16207","EAR_HUBL_SEX_NB","SEX_T","2020",5539.82,,"T30:74","R1:3513"
"CHL","BB:16207","EAR_HUBL_SEX_NB","SEX_M","2020",5920.99,,"T30:74","R1:3513"
"CHL","BB:16207","EAR_HUBL_SEX_NB","SEX_F","2020",5202.26,,"T30:74","R1:3513"
"CHL","BB:16207","EAR_HUBL_SEX_NB","SEX_T","2018",4768.49,,"T30:74","R1:3513"
"CHL","BB:16207","EAR_HUBL_SEX_NB","SEX_M","2018",5370.65,,"T30:74","R1:3513"
"CHL","BB:16207","EAR_HUBL_SEX_NB","SEX_F","2018",4325.53,,"T30:74","R1:3513"
"CHL","BB:16207","EAR_HUBL_SEX_NB","SEX_T","2017",4800.63,,"T30:74","R1:3513"
"CHL","BB:16207","EAR_HUBL_SEX_NB","SEX_M","2017",5608.63,,"T30:74","R1:3513"
"CHL","BB:16207","EAR_HUBL_SEX_NB","SEX_F","2017",4207.16,,"T30:74","R1:3513"
"CHL","BB:16207","EAR_HUBL_SEX_NB","SEX_T","2016",4625.95,,"T30:74","R1:3513"
"CHL","BB:16207","EAR_HUBL_SEX_NB","SEX_M","2016",5288.42,,"T30:74","R1:3513"
"CHL","BB:16207","EAR_HUBL_SEX_NB","SEX_F","2016",4138.54,,"T30:74","R1:3513"
"CHL","BB:16207","EAR_HUBL_SEX_NB","SEX_T","2015",4476.8,,"T30:74","R1:3513"
"CHL","BB:16207","EAR_HUBL_SEX_NB","SEX_M","2015",5405.05,,"T30:74","R1:3513"
"CHL","BB:16207","EAR_HUBL_SEX_NB","SEX_F","2015",3773.86,,"T30:74","R1:3513"
"CIV","BA:7345","EAR_HUBL_SEX_NB","SEX_T","2019",2041.06,,"T30:13","R1:3513"
"CIV","BA:7345","EAR_HUBL_SEX_NB","SEX_M","2019",2127.39,,"T30:13","R1:3513"
"CIV","BA:7345","EAR_HUBL_SEX_NB","SEX_F","2019",1761.19,,"T30:13","R1:3513"
"CIV","BA:14098","EAR_HUBL_SEX_NB","SEX_T","2017",1459.44,,"T30:13","R1:3513"
"CIV","BA:14098","EAR_HUBL_SEX_NB","SEX_M","2017",1543.83,,"T30:13","R1:3513"
"CIV","BA:14098","EAR_HUBL_SEX_NB","SEX_F","2017",1291.08,,"T30:13","R1:3513"
"COK","BA:15665","EAR_HUBL_SEX_NB","SEX_T","2019",9.85,"B","I11:264_T30:213","R1:3513"
"COK","BA:15665","EAR_HUBL_SEX_NB","SEX_M","2019",9.28,"B","I11:264_T30:213","R1:3513"
"COK","BA:15665","EAR_HUBL_SEX_NB","SEX_F","2019",10.57,"B","I11:264_T30:213","R1:3513"
"COL","BA:358","EAR_HUBL_SEX_NB","SEX_T","2023",18808.61,,"T30:71","R1:3513"
"COL","BA:358","EAR_HUBL_SEX_NB","SEX_M","2023",18128.93,,"T30:71","R1:3513"
"COL","BA:358","EAR_HUBL_SEX_NB","SEX_F","2023",19473.56,,"T30:71","R1:3513"
"COL","BA:358","EAR_HUBL_SEX_NB","SEX_T","2022",17157.97,,"T30:71","R1:3513"
"COL","BA:358","EAR_HUBL_SEX_NB","SEX_M","2022",16508.35,,"T30:71","R1:3513"
"COL","BA:358","EAR_HUBL_SEX_NB","SEX_F","2022",17793.97,,"T30:71","R1:3513"
"COL","BA:358","EAR_HUBL_SEX_NB","SEX_T","2021",15273.25,,"T30:71","R1:3513"
"COL","BA:358","EAR_HUBL_SEX_NB","SEX_M","2021",14031.78,,"T30:71","R1:3513"
"COL","BA:358","EAR_HUBL_SEX_NB","SEX_F","2021",16587.75,,"T30:71","R1:3513"
"COL","BA:358","EAR_HUBL_SEX_NB","SEX_T","2019",15192.16,,"T30:71","R1:3513"
"COL","BA:358","EAR_HUBL_SEX_NB","SEX_M","2019",14119.37,,"T30:71","R1:3513"
"COL","BA:358","EAR_HUBL_SEX_NB","SEX_F","2019",16356.12,,"T30:71","R1:3513"
"COL","BA:358","EAR_HUBL_SEX_NB","SEX_T","2018",13708.63,,"T30:71","R1:3513"
"COL","BA:358","EAR_HUBL_SEX_NB","SEX_M","2018",12774.46,,"T30:71","R1:3513"
"COL","BA:358","EAR_HUBL_SEX_NB","SEX_F","2018",14698.75,,"T30:71","R1:3513"
"COL","BA:358","EAR_HUBL_SEX_NB","SEX_T","2017",12860.45,,"T30:71","R1:3513"
"COL","BA:358","EAR_HUBL_SEX_NB","SEX_M","2017",11830.13,,"T30:71","R1:3513"
"COL","BA:358","EAR_HUBL_SEX_NB","SEX_F","2017",13944.97,,"T30:71","R1:3513"
"COL","BA:358","EAR_HUBL_SEX_NB","SEX_T","2016",12281.91,,"T30:71","R1:3513"
"COL","BA:358","EAR_HUBL_SEX_NB","SEX_M","2016",11193.23,,"T30:71","R1:3513"
"COL","BA:358","EAR_HUBL_SEX_NB","SEX_F","2016",13439.87,,"T30:71","R1:3513"
"COL","BA:358","EAR_HUBL_SEX_NB","SEX_T","2015",11363.59,,"T30:71","R1:3513"
"COL","BA:358","EAR_HUBL_SEX_NB","SEX_M","2015",10368.67,,"T30:71","R1:3513"
"COL","BA:358","EAR_HUBL_SEX_NB","SEX_F","2015",12374.48,,"T30:71","R1:3513"
"CRI","BX:142","EAR_HUBL_SEX_NB","SEX_T","2022",2713.3,,"T30:72","R1:3513"
"CRI","BX:142","EAR_HUBL_SEX_NB","SEX_M","2022",2770.1,,"T30:72","R1:3513"
"CRI","BX:142","EAR_HUBL_SEX_NB","SEX_F","2022",2621.48,,"T30:72","R1:3513"
"CRI","BX:142","EAR_HUBL_SEX_NB","SEX_T","2021",2608.84,,"T30:72","R1:3513"
"CRI","BX:142","EAR_HUBL_SEX_NB","SEX_M","2021",2666.25,,"T30:72","R1:3513"
"CRI","BX:142","EAR_HUBL_SEX_NB","SEX_F","2021",2511.66,,"T30:72","R1:3513"
"CRI","BX:142","EAR_HUBL_SEX_NB","SEX_T","2020",5760,,"T30:72","R1:3513"
"CRI","BX:142","EAR_HUBL_SEX_NB","SEX_M","2020",5663.83,,"T30:72","R1:3513"
"CRI","BX:142","EAR_HUBL_SEX_NB","SEX_F","2020",5850.75,,"T30:72","R1:3513"
"CRI","BX:142","EAR_HUBL_SEX_NB","SEX_T","2019",5291.68,,"T30:72","R1:3513"
"CRI","BX:142","EAR_HUBL_SEX_NB","SEX_M","2019",5143.68,,"T30:72","R1:3513"
"CRI","BX:142","EAR_HUBL_SEX_NB","SEX_F","2019",5434.18,,"T30:72","R1:3513"
"CRI","BX:142","EAR_HUBL_SEX_NB","SEX_T","2018",5331.63,,"T30:72","R1:3513"
"CRI","BX:142","EAR_HUBL_SEX_NB","SEX_M","2018",5368.53,,"T30:72","R1:3513"
"CRI","BX:142","EAR_HUBL_SEX_NB","SEX_F","2018",5295.45,,"T30:72","R1:3513"
"CRI","BX:142","EAR_HUBL_SEX_NB","SEX_T","2017",5216.97,,"T30:72","R1:3513"
"CRI","BX:142","EAR_HUBL_SEX_NB","SEX_M","2017",5086.71,,"T30:72","R1:3513"
"CRI","BX:142","EAR_HUBL_SEX_NB","SEX_F","2017",5351.53,,"T30:72","R1:3513"
"CRI","BX:142","EAR_HUBL_SEX_NB","SEX_T","2016",5250.99,,"T30:72","R1:3513"
"CRI","BX:142","EAR_HUBL_SEX_NB","SEX_M","2016",5064.44,,"T30:72","R1:3513"
"CRI","BX:142","EAR_HUBL_SEX_NB","SEX_F","2016",5456.32,,"T30:72","R1:3513"
"CRI","BX:142","EAR_HUBL_SEX_NB","SEX_T","2015",4971.53,,"T30:72","R1:3513"
"CRI","BX:142","EAR_HUBL_SEX_NB","SEX_M","2015",4827.35,,"T30:72","R1:3513"
"CRI","BX:142","EAR_HUBL_SEX_NB","SEX_F","2015",5121.78,,"T30:72","R1:3513"
"DOM","BA:13413","EAR_HUBL_SEX_NB","SEX_T","2023",231.83,,"T30:76","R1:3513"
"DOM","BA:13413","EAR_HUBL_SEX_NB","SEX_M","2023",229.97,,"T30:76","R1:3513"
"DOM","BA:13413","EAR_HUBL_SEX_NB","SEX_F","2023",233.48,,"T30:76","R1:3513"
"DOM","BA:13413","EAR_HUBL_SEX_NB","SEX_T","2022",195.12,,"T30:76","R1:3513"
"DOM","BA:13413","EAR_HUBL_SEX_NB","SEX_M","2022",174.42,,"T30:76","R1:3513"
"DOM","BA:13413","EAR_HUBL_SEX_NB","SEX_F","2022",214.09,,"T30:76","R1:3513"
"DOM","BA:13413","EAR_HUBL_SEX_NB","SEX_T","2021",211.66,,"T30:76","R1:3513"
"DOM","BA:13413","EAR_HUBL_SEX_NB","SEX_M","2021",186.08,,"T30:76","R1:3513"
"DOM","BA:13413","EAR_HUBL_SEX_NB","SEX_F","2021",235.38,,"T30:76","R1:3513"
"DOM","BA:13413","EAR_HUBL_SEX_NB","SEX_T","2020",235.79,"B","I11:264_T30:76","R1:3513"
"DOM","BA:13413","EAR_HUBL_SEX_NB","SEX_M","2020",213.67,"B","I11:264_T30:76","R1:3513"
"DOM","BA:13413","EAR_HUBL_SEX_NB","SEX_F","2020",257.1,"B","I11:264_T30:76","R1:3513"
"DOM","BA:13413","EAR_HUBL_SEX_NB","SEX_T","2019",164.2,,"T30:76","R1:3513"
"DOM","BA:13413","EAR_HUBL_SEX_NB","SEX_M","2019",150.52,,"T30:76","R1:3513"
"DOM","BA:13413","EAR_HUBL_SEX_NB","SEX_F","2019",176.04,,"T30:76","R1:3513"
"DOM","BA:13413","EAR_HUBL_SEX_NB","SEX_T","2018",157.28,,"T30:76","R1:3513"
"DOM","BA:13413","EAR_HUBL_SEX_NB","SEX_M","2018",148,,"T30:76","R1:3513"
"DOM","BA:13413","EAR_HUBL_SEX_NB","SEX_F","2018",165.8,,"T30:76","R1:3513"
"DOM","BA:13413","EAR_HUBL_SEX_NB","SEX_T","2017",143.89,,"T30:76","R1:3513"
"DOM","BA:13413","EAR_HUBL_SEX_NB","SEX_M","2017",125.25,,"T30:76","R1:3513"
"DOM","BA:13413","EAR_HUBL_SEX_NB","SEX_F","2017",160.84,,"T30:76","R1:3513"
"DOM","BA:13413","EAR_HUBL_SEX_NB","SEX_T","2016",125.37,,"T30:76","R1:3513"
"DOM","BA:13413","EAR_HUBL_SEX_NB","SEX_M","2016",107.4,,"T30:76","R1:3513"
"DOM","BA:13413","EAR_HUBL_SEX_NB","SEX_F","2016",143.14,,"T30:76","R1:3513"
"DOM","BA:13413","EAR_HUBL_SEX_NB","SEX_T","2015",126.94,"B","I11:264_T30:76","R1:3513"
"DOM","BA:13413","EAR_HUBL_SEX_NB","SEX_M","2015",107.36,"B","I11:264_T30:76","R1:3513"
"DOM","BA:13413","EAR_HUBL_SEX_NB","SEX_F","2015",145.08,"B","I11:264_T30:76","R1:3513"
"EGY","BA:582","EAR_HUBL_SEX_NB","SEX_T","2022",20.91,,"T30:15","R1:3513"
"EGY","BA:582","EAR_HUBL_SEX_NB","SEX_M","2022",20.88,,"T30:15","R1:3513"
"EGY","BA:582","EAR_HUBL_SEX_NB","SEX_F","2022",20.99,,"T30:15","R1:3513"
"EGY","BA:582","EAR_HUBL_SEX_NB","SEX_T","2021",21.16,,"T30:15","R1:3513"
"EGY","BA:582","EAR_HUBL_SEX_NB","SEX_M","2021",20.87,,"T30:15","R1:3513"
"EGY","BA:582","EAR_HUBL_SEX_NB","SEX_F","2021",21.76,,"T30:15","R1:3513"
"EGY","BA:582","EAR_HUBL_SEX_NB","SEX_T","2020",19.98,,"T30:15","R1:3513"
"EGY","BA:582","EAR_HUBL_SEX_NB","SEX_M","2020",19.97,,"T30:15","R1:3513"
"EGY","BA:582","EAR_HUBL_SEX_NB","SEX_F","2020",20,,"T30:15","R1:3513"
"EGY","BA:582","EAR_HUBL_SEX_NB","SEX_T","2019",22.69,,"T30:15","R1:3513"
"EGY","BA:582","EAR_HUBL_SEX_NB","SEX_M","2019",23.16,,"T30:15","R1:3513"
"EGY","BA:582","EAR_HUBL_SEX_NB","SEX_F","2019",21.55,,"T30:15","R1:3513"
"EGY","BA:582","EAR_HUBL_SEX_NB","SEX_T","2018",13.55,,"T30:15","R1:3513"
"EGY","BA:582","EAR_HUBL_SEX_NB","SEX_M","2018",13.92,,"T30:15","R1:3513"
"EGY","BA:582","EAR_HUBL_SEX_NB","SEX_F","2018",12.75,,"T30:15","R1:3513"
"EGY","BA:582","EAR_HUBL_SEX_NB","SEX_T","2017",14.7,,"T30:15","R1:3513"
"EGY","BA:582","EAR_HUBL_SEX_NB","SEX_M","2017",15.06,,"T30:15","R1:3513"
"EGY","BA:582","EAR_HUBL_SEX_NB","SEX_F","2017",13.9,,"T30:15","R1:3513"
"EGY","BA:582","EAR_HUBL_SEX_NB","SEX_T","2016",13.24,"B","I11:264_T30:15","R1:3513"
"EGY","BA:582","EAR_HUBL_SEX_NB","SEX_M","2016",13.45,"B","I11:264_T30:15","R1:3513"
"EGY","BA:582","EAR_HUBL_SEX_NB","SEX_F","2016",12.71,"B","I11:264_T30:15","R1:3513"
"EGY","BA:582","EAR_HUBL_SEX_NB","SEX_T","2015",11.47,,"T30:15","R1:3513"
"EGY","BA:582","EAR_HUBL_SEX_NB","SEX_M","2015",11.68,,"T30:15","R1:3513"
"EGY","BA:582","EAR_HUBL_SEX_NB","SEX_F","2015",10.99,,"T30:15","R1:3513"
"ETH","BA:1126","EAR_HUBL_SEX_NB","SEX_T","2021",37.32,,"T30:17","R1:3513"
"ETH","BA:1126","EAR_HUBL_SEX_NB","SEX_M","2021",38.98,,"T30:17","R1:3513"
"ETH","BA:1126","EAR_HUBL_SEX_NB","SEX_F","2021",34.39,,"T30:17","R1:3513"
"FRA","BA:148","EAR_HUBL_SEX_NB","SEX_T","2020",15.32,,"T30:175","R1:3513"
"FRA","BA:148","EAR_HUBL_SEX_NB","SEX_M","2020",16.72,,"T30:175","R1:3513"
"FRA","BA:148","EAR_HUBL_SEX_NB","SEX_F","2020",14.5,,"T30:175","R1:3513"
"FRA","BA:148","EAR_HUBL_SEX_NB","SEX_T","2019",15.1,,"T30:175","R1:3513"
"FRA","BA:148","EAR_HUBL_SEX_NB","SEX_M","2019",16.53,,"T30:175","R1:3513"
"FRA","BA:148","EAR_HUBL_SEX_NB","SEX_F","2019",14.24,,"T30:175","R1:3513"
"FRA","BA:148","EAR_HUBL_SEX_NB","SEX_T","2018",14.96,,"T30:175","R1:3513"
"FRA","BA:148","EAR_HUBL_SEX_NB","SEX_M","2018",15.48,,"T30:175","R1:3513"
"FRA","BA:148","EAR_HUBL_SEX_NB","SEX_F","2018",14.66,,"T30:175","R1:3513"
"FRA","BA:148","EAR_HUBL_SEX_NB","SEX_T","2017",14.36,,"T30:175","R1:3513"
"FRA","BA:148","EAR_HUBL_SEX_NB","SEX_M","2017",15.23,,"T30:175","R1:3513"
"FRA","BA:148","EAR_HUBL_SEX_NB","SEX_F","2017",13.84,,"T30:175","R1:3513"
"FRA","BA:148","EAR_HUBL_SEX_NB","SEX_T","2016",14.53,,"T30:175","R1:3513"
"FRA","BA:148","EAR_HUBL_SEX_NB","SEX_M","2016",15.44,,"T30:175","R1:3513"
"FRA","BA:148","EAR_HUBL_SEX_NB","SEX_F","2016",13.99,,"T30:175","R1:3513"
"FRA","BA:148","EAR_HUBL_SEX_NB","SEX_T","2015",14.35,,"T30:175","R1:3513"
"FRA","BA:148","EAR_HUBL_SEX_NB","SEX_M","2015",15.04,,"T30:175","R1:3513"
"FRA","BA:148","EAR_HUBL_SEX_NB","SEX_F","2015",13.93,,"T30:175","R1:3513"
"GHA","BA:1163","EAR_HUBL_SEX_NB","SEX_T","2015",7.7,"B","I11:264_T30:20","R1:3513"
"GHA","BA:1163","EAR_HUBL_SEX_NB","SEX_M","2015",8.27,"B","I11:264_T30:20","R1:3513"
"GHA","BA:1163","EAR_HUBL_SEX_NB","SEX_F","2015",7,"B","I11:264_T30:20","R1:3513"
"GHA","BB:16203","EAR_HUBL_SEX_NB","SEX_T","2022",15.09,,"T30:20","R1:3513"
"GHA","BB:16203","EAR_HUBL_SEX_NB","SEX_M","2022",16.53,,"T30:20","R1:3513"
"GHA","BB:16203","EAR_HUBL_SEX_NB","SEX_F","2022",12.85,,"T30:20","R1:3513"
"GHA","BB:3078","EAR_HUBL_SEX_NB","SEX_T","2017",11.38,"B","I11:264_T30:20","R1:3513"
"GHA","BB:3078","EAR_HUBL_SEX_NB","SEX_M","2017",12.2,"B","I11:264_T30:20","R1:3513"
"GHA","BB:3078","EAR_HUBL_SEX_NB","SEX_F","2017",9.98,"B","I11:264_T30:20","R1:3513"
"GMB","BA:7014","EAR_HUBL_SEX_NB","SEX_T","2018",26.62,"B","I11:264_T30:19","R1:3513"
"GMB","BA:7014","EAR_HUBL_SEX_NB","SEX_M","2018",26.43,"B","I11:264_T30:19","R1:3513"
"GMB","BA:7014","EAR_HUBL_SEX_NB","SEX_F","2018",27.1,"B","I11:264_T30:19","R1:3513"
"GRC","BA:317","EAR_HUBL_SEX_NB","SEX_T","2020",7.71,,"T30:178","R1:3513"
"GRC","BA:317","EAR_HUBL_SEX_NB","SEX_M","2020",7.41,,"T30:178","R1:3513"
"GRC","BA:317","EAR_HUBL_SEX_NB","SEX_F","2020",8.07,,"T30:178","R1:3513"
"GRC","BA:317","EAR_HUBL_SEX_NB","SEX_T","2019",7.53,,"T30:178","R1:3513"
"GRC","BA:317","EAR_HUBL_SEX_NB","SEX_M","2019",7.49,,"T30:178","R1:3513"
"GRC","BA:317","EAR_HUBL_SEX_NB","SEX_F","2019",7.57,,"T30:178","R1:3513"
"GRC","BA:317","EAR_HUBL_SEX_NB","SEX_T","2018",7.19,,"T30:178","R1:3513"
"GRC","BA:317","EAR_HUBL_SEX_NB","SEX_M","2018",7.15,,"T30:178","R1:3513"
"GRC","BA:317","EAR_HUBL_SEX_NB","SEX_F","2018",7.24,,"T30:178","R1:3513"
"GRC","BA:317","EAR_HUBL_SEX_NB","SEX_T","2017",7.24,,"T30:178","R1:3513"
"GRC","BA:317","EAR_HUBL_SEX_NB","SEX_M","2017",7.08,,"T30:178","R1:3513"
"GRC","BA:317","EAR_HUBL_SEX_NB","SEX_F","2017",7.42,,"T30:178","R1:3513"
"GRC","BA:317","EAR_HUBL_SEX_NB","SEX_T","2016",7.08,,"T30:178","R1:3513"
"GRC","BA:317","EAR_HUBL_SEX_NB","SEX_M","2016",6.98,,"T30:178","R1:3513"
"GRC","BA:317","EAR_HUBL_SEX_NB","SEX_F","2016",7.18,,"T30:178","R1:3513"
"GRC","BA:317","EAR_HUBL_SEX_NB","SEX_T","2015",7.09,,"T30:178","R1:3513"
"GRC","BA:317","EAR_HUBL_SEX_NB","SEX_M","2015",6.99,,"T30:178","R1:3513"
"GRC","BA:317","EAR_HUBL_SEX_NB","SEX_F","2015",7.22,,"T30:178","R1:3513"
"GUY","BA:1214","EAR_HUBL_SEX_NB","SEX_T","2019",510.78,,"T30:84","R1:3513"
"GUY","BA:1214","EAR_HUBL_SEX_NB","SEX_M","2019",497.53,,"T30:84","R1:3513"
"GUY","BA:1214","EAR_HUBL_SEX_NB","SEX_F","2019",522.83,,"T30:84","R1:3513"
"GUY","BA:1214","EAR_HUBL_SEX_NB","SEX_T","2018",476.52,"B","I11:264_T30:84","R1:3513"
"GUY","BA:1214","EAR_HUBL_SEX_NB","SEX_M","2018",475.35,"B","I11:264_T30:84","R1:3513"
"GUY","BA:1214","EAR_HUBL_SEX_NB","SEX_F","2018",477.61,"B","I11:264_T30:84","R1:3513"
"HND","BX:504","EAR_HUBL_SEX_NB","SEX_T","2023",124.45,,"T30:87","R1:3513_S3:9"
"HND","BX:504","EAR_HUBL_SEX_NB","SEX_M","2023",113,,"T30:87","R1:3513_S3:9"
"HND","BX:504","EAR_HUBL_SEX_NB","SEX_F","2023",133.65,,"T30:87","R1:3513_S3:9"
"HND","BX:504","EAR_HUBL_SEX_NB","SEX_T","2022",128.39,,"T30:87","R1:3513_S3:9"
"HND","BX:504","EAR_HUBL_SEX_NB","SEX_M","2022",117.8,,"T30:87","R1:3513_S3:9"
"HND","BX:504","EAR_HUBL_SEX_NB","SEX_F","2022",135.46,,"T30:87","R1:3513_S3:9"
"HND","BX:504","EAR_HUBL_SEX_NB","SEX_T","2021",287.57,,"T30:87","R1:3513_S3:9"
"HND","BX:504","EAR_HUBL_SEX_NB","SEX_M","2021",359.71,,"T30:87","R1:3513_S3:9"
"HND","BX:504","EAR_HUBL_SEX_NB","SEX_F","2021",241.9,,"T30:87","R1:3513_S3:9"
"HND","BX:504","EAR_HUBL_SEX_NB","SEX_T","2020",135.03,"B","I11:264_T30:87","R1:3513_S3:9"
"HND","BX:504","EAR_HUBL_SEX_NB","SEX_M","2020",118.37,"B","I11:264_T30:87","R1:3513_S3:9"
"HND","BX:504","EAR_HUBL_SEX_NB","SEX_F","2020",146.08,"B","I11:264_T30:87","R1:3513_S3:9"
"HND","BX:504","EAR_HUBL_SEX_NB","SEX_T","2019",81.21,,"T30:87","R1:3513_S3:9"
"HND","BX:504","EAR_HUBL_SEX_NB","SEX_M","2019",81.63,,"T30:87","R1:3513_S3:9"
"HND","BX:504","EAR_HUBL_SEX_NB","SEX_F","2019",80.92,,"T30:87","R1:3513_S3:9"
"HND","BX:504","EAR_HUBL_SEX_NB","SEX_T","2018",80.94,"B","I11:264_T30:87","R1:3513_S3:9"
"HND","BX:504","EAR_HUBL_SEX_NB","SEX_M","2018",75.58,"B","I11:264_T30:87","R1:3513_S3:9"
"HND","BX:504","EAR_HUBL_SEX_NB","SEX_F","2018",85.14,"B","I11:264_T30:87","R1:3513_S3:9"
"HND","BX:504","EAR_HUBL_SEX_NB","SEX_T","2017",79.9,,"T30:87","R1:3513_S3:9"
"HND","BX:504","EAR_HUBL_SEX_NB","SEX_M","2017",86.78,,"T30:87","R1:3513_S3:9"
"HND","BX:504","EAR_HUBL_SEX_NB","SEX_F","2017",74.71,,"T30:87","R1:3513_S3:9"
"HND","BX:504","EAR_HUBL_SEX_NB","SEX_T","2016",81.04,,"T30:87","R1:3513"
"HND","BX:504","EAR_HUBL_SEX_NB","SEX_M","2016",85.18,,"T30:87","R1:3513"
"HND","BX:504","EAR_HUBL_SEX_NB","SEX_F","2016",77.24,,"T30:87","R1:3513"
"HND","BX:504","EAR_HUBL_SEX_NB","SEX_T","2015",79.09,,"T30:87","R1:3513"
"HND","BX:504","EAR_HUBL_SEX_NB","SEX_M","2015",78.01,,"T30:87","R1:3513"
"HND","BX:504","EAR_HUBL_SEX_NB","SEX_F","2015",80.02,,"T30:87","R1:3513"
"IDN","BA:510","EAR_HUBL_SEX_NB","SEX_T","2022",21851.49,,"T30:122","R1:3513"
"IDN","BA:510","EAR_HUBL_SEX_NB","SEX_M","2022",23682.77,,"T30:122","R1:3513"
"IDN","BA:510","EAR_HUBL_SEX_NB","SEX_F","2022",19784.05,,"T30:122","R1:3513"
"IDN","BA:510","EAR_HUBL_SEX_NB","SEX_T","2019",22312.59,,"T30:122","R1:3513"
"IDN","BA:510","EAR_HUBL_SEX_NB","SEX_M","2019",23420.92,,"T30:122","R1:3513"
"IDN","BA:510","EAR_HUBL_SEX_NB","SEX_F","2019",20891.63,,"T30:122","R1:3513"
"IDN","BA:510","EAR_HUBL_SEX_NB","SEX_T","2016",19402.01,,"T30:122","R1:3513"
"IDN","BA:510","EAR_HUBL_SEX_NB","SEX_M","2016",19819.62,,"T30:122","R1:3513"
"IDN","BA:510","EAR_HUBL_SEX_NB","SEX_F","2016",18850.67,,"T30:122","R1:3513"
"JOR","BA:682","EAR_HUBL_SEX_NB","SEX_T","2022",2.63,,"T30:127","R1:3513"
"JOR","BA:682","EAR_HUBL_SEX_NB","SEX_M","2022",2.54,,"T30:127","R1:3513"
"JOR","BA:682","EAR_HUBL_SEX_NB","SEX_F","2022",2.93,,"T30:127","R1:3513"
"JOR","BA:682","EAR_HUBL_SEX_NB","SEX_T","2021",2.77,,"T30:127","R1:3513"
"JOR","BA:682","EAR_HUBL_SEX_NB","SEX_M","2021",2.63,,"T30:127","R1:3513"
"JOR","BA:682","EAR_HUBL_SEX_NB","SEX_F","2021",3.23,,"T30:127","R1:3513"
"JOR","BA:682","EAR_HUBL_SEX_NB","SEX_T","2020",2.85,,"T30:127","R1:3513"
"JOR","BA:682","EAR_HUBL_SEX_NB","SEX_M","2020",2.65,,"T30:127","R1:3513"
"JOR","BA:682","EAR_HUBL_SEX_NB","SEX_F","2020",3.54,,"T30:127","R1:3513"
"JOR","BA:682","EAR_HUBL_SEX_NB","SEX_T","2019",2.43,,"T30:127","R1:3513"
"JOR","BA:682","EAR_HUBL_SEX_NB","SEX_M","2019",2.39,,"T30:127","R1:3513"
"JOR","BA:682","EAR_HUBL_SEX_NB","SEX_F","2019",2.58,,"T30:127","R1:3513"
"JOR","BA:682","EAR_HUBL_SEX_NB","SEX_T","2018",2.43,,"T30:127","R1:3513"
"JOR","BA:682","EAR_HUBL_SEX_NB","SEX_M","2018",2.4,,"T30:127","R1:3513"
"JOR","BA:682","EAR_HUBL_SEX_NB","SEX_F","2018",2.54,,"T30:127","R1:3513"
"JOR","BA:682","EAR_HUBL_SEX_NB","SEX_T","2017",2.47,"B","I11:264_T30:127","R1:3513"
"JOR","BA:682","EAR_HUBL_SEX_NB","SEX_M","2017",2.44,"B","I11:264_T30:127","R1:3513"
"JOR","BA:682","EAR_HUBL_SEX_NB","SEX_F","2017",2.57,"B","I11:264_T30:127","R1:3513"
"KEN","BX:3465","EAR_HUBL_SEX_NB","SEX_T","2019",327.04,,"T30:24","R1:3513"
"KEN","BX:3465","EAR_HUBL_SEX_NB","SEX_M","2019",338.26,,"T30:24","R1:3513"
"KEN","BX:3465","EAR_HUBL_SEX_NB","SEX_F","2019",308.29,,"T30:24","R1:3513"
"KEN","BB:7021","EAR_HUBL_SEX_NB","SEX_T","2016",158.93,,"T30:24","R1:3513"
"KEN","BB:7021","EAR_HUBL_SEX_NB","SEX_M","2016",147.88,,"T30:24","R1:3513"
"KEN","BB:7021","EAR_HUBL_SEX_NB","SEX_F","2016",178.42,,"T30:24","R1:3513"
"KHM","BA:1321","EAR_HUBL_SEX_NB","SEX_T","2019",8651.94,"B","I11:264_T30:117","R1:3513"
"KHM","BA:1321","EAR_HUBL_SEX_NB","SEX_M","2019",8766.5,"B","I11:264_T30:117","R1:3513"
"KHM","BA:1321","EAR_HUBL_SEX_NB","SEX_F","2019",8423.33,"B","I11:264_T30:117","R1:3513"
"KHM","BB:3064","EAR_HUBL_SEX_NB","SEX_T","2021",7635.57,,"T30:117","R1:3513"
"KHM","BB:3064","EAR_HUBL_SEX_NB","SEX_M","2021",7338.29,,"T30:117","R1:3513"
"KHM","BB:3064","EAR_HUBL_SEX_NB","SEX_F","2021",8295.1,,"T30:117","R1:3513"
"KHM","BB:3064","EAR_HUBL_SEX_NB","SEX_T","2020",7865.73,,"T30:117","R1:3513"
"KHM","BB:3064","EAR_HUBL_SEX_NB","SEX_M","2020",7863.13,,"T30:117","R1:3513"
"KHM","BB:3064","EAR_HUBL_SEX_NB","SEX_F","2020",7871.81,,"T30:117","R1:3513"
"KHM","BB:3064","EAR_HUBL_SEX_NB","SEX_T","2016",4924.84,,"T30:117","R1:3513"
"KHM","BB:3064","EAR_HUBL_SEX_NB","SEX_M","2016",4871.52,,"T30:117","R1:3513"
"KHM","BB:3064","EAR_HUBL_SEX_NB","SEX_F","2016",5071.63,,"T30:117","R1:3513"
"KHM","BB:3064","EAR_HUBL_SEX_NB","SEX_T","2015",4285.75,,"T30:117","R1:3513"
"KHM","BB:3064","EAR_HUBL_SEX_NB","SEX_M","2015",4284.38,,"T30:117","R1:3513"
"KHM","BB:3064","EAR_HUBL_SEX_NB","SEX_F","2015",4289.46,,"T30:117","R1:3513"
"LAO","BA:6651","EAR_HUBL_SEX_NB","SEX_T","2022",14455.69,"B","I11:264_T30:133","R1:3513"
"LAO","BA:6651","EAR_HUBL_SEX_NB","SEX_M","2022",15139.29,"B","I11:264_T30:133","R1:3513"
"LAO","BA:6651","EAR_HUBL_SEX_NB","SEX_F","2022",13283.61,"B","I11:264_T30:133","R1:3513"
"LAO","BA:6651","EAR_HUBL_SEX_NB","SEX_T","2017",17879.55,"B","I11:264_T30:133","R1:3513"
"LAO","BA:6651","EAR_HUBL_SEX_NB","SEX_M","2017",18230.07,"B","I11:264_T30:133","R1:3513"
"LAO","BA:6651","EAR_HUBL_SEX_NB","SEX_F","2017",17247.59,"B","I11:264_T30:133","R1:3513"
"LBN","BA:14074","EAR_HUBL_SEX_NB","SEX_T","2019",10029.88,"B","I11:264_T30:134","R1:3513"
"LBN","BA:14074","EAR_HUBL_SEX_NB","SEX_M","2019",8693.44,"B","I11:264_T30:134","R1:3513"
"LBN","BA:14074","EAR_HUBL_SEX_NB","SEX_F","2019",13985.67,"B","I11:264_T30:134","R1:3513"
"LBR","BA:16","EAR_HUBL_SEX_NB","SEX_T","2017",7.11,"B","I11:264_T30:384","R1:3513"
"LBR","BA:16","EAR_HUBL_SEX_NB","SEX_M","2017",6.44,"B","I11:264_T30:384","R1:3513"
"LBR","BA:16","EAR_HUBL_SEX_NB","SEX_F","2017",9.89,"B","I11:264_T30:384","R1:3513"
"LBR","BB:7322","EAR_HUBL_SEX_NB","SEX_T","2016",170.09,,"T30:26","R1:3513"
"LBR","BB:7322","EAR_HUBL_SEX_NB","SEX_M","2016",200.52,,"T30:26","R1:3513"
"LBR","BB:7322","EAR_HUBL_SEX_NB","SEX_F","2016",93.24,,"T30:26","R1:3513"
"LKA","BA:1359","EAR_HUBL_SEX_NB","SEX_T","2022",314.81,,"T30:147","R1:3513"
"LKA","BA:1359","EAR_HUBL_SEX_NB","SEX_M","2022",291.44,,"T30:147","R1:3513"
"LKA","BA:1359","EAR_HUBL_SEX_NB","SEX_F","2022",341.04,,"T30:147","R1:3513"
"LKA","BA:1359","EAR_HUBL_SEX_NB","SEX_T","2021",329.63,,"T30:147","R1:3513"
"LKA","BA:1359","EAR_HUBL_SEX_NB","SEX_M","2021",293.21,,"T30:147","R1:3513"
"LKA","BA:1359","EAR_HUBL_SEX_NB","SEX_F","2021",374.4,,"T30:147","R1:3513"
"LKA","BA:1359","EAR_HUBL_SEX_NB","SEX_T","2020",297.16,,"T30:147","R1:3513"
"LKA","BA:1359","EAR_HUBL_SEX_NB","SEX_M","2020",280.08,,"T30:147","R1:3513"
"LKA","BA:1359","EAR_HUBL_SEX_NB","SEX_F","2020",319.93,,"T30:147","R1:3513"
"LKA","BA:1359","EAR_HUBL_SEX_NB","SEX_T","2019",255.97,,"T30:147","R1:3513"
"LKA","BA:1359","EAR_HUBL_SEX_NB","SEX_M","2019",255.08,,"T30:147","R1:3513"
"LKA","BA:1359","EAR_HUBL_SEX_NB","SEX_F","2019",257.07,,"T30:147","R1:3513"
"LKA","BA:1359","EAR_HUBL_SEX_NB","SEX_T","2018",282.28,,"T30:147","R1:3513"
"LKA","BA:1359","EAR_HUBL_SEX_NB","SEX_M","2018",283.67,,"T30:147","R1:3513"
"LKA","BA:1359","EAR_HUBL_SEX_NB","SEX_F","2018",280.51,,"T30:147","R1:3513"
"LKA","BA:1359","EAR_HUBL_SEX_NB","SEX_T","2017",279.67,,"T30:147","R1:3513"
"LKA","BA:1359","EAR_HUBL_SEX_NB","SEX_M","2017",220.64,,"T30:147","R1:3513"
"LKA","BA:1359","EAR_HUBL_SEX_NB","SEX_F","2017",355.52,,"T30:147","R1:3513"
"LKA","BA:1359","EAR_HUBL_SEX_NB","SEX_T","2016",213.51,,"T30:147","R1:3513"
"LKA","BA:1359","EAR_HUBL_SEX_NB","SEX_M","2016",207.23,,"T30:147","R1:3513"
"LKA","BA:1359","EAR_HUBL_SEX_NB","SEX_F","2016",221.61,,"T30:147","R1:3513"
"LKA","BA:1359","EAR_HUBL_SEX_NB","SEX_T","2015",199.39,,"T30:147","R1:3513"
"LKA","BA:1359","EAR_HUBL_SEX_NB","SEX_M","2015",186.4,,"T30:147","R1:3513"
"LKA","BA:1359","EAR_HUBL_SEX_NB","SEX_F","2015",216.36,,"T30:147","R1:3513"
"LSO","BA:15666","EAR_HUBL_SEX_NB","SEX_T","2019",42.28,,"T30:25","R1:3513"
"LSO","BA:15666","EAR_HUBL_SEX_NB","SEX_M","2019",41.63,,"T30:25","R1:3513"
"LSO","BA:15666","EAR_HUBL_SEX_NB","SEX_F","2019",42.93,,"T30:25","R1:3513"
"MDA","BA:571","EAR_HUBL_SEX_NB","SEX_T","2023",37.54,,"T30:193","R1:3513"
"MDA","BA:571","EAR_HUBL_SEX_NB","SEX_M","2023",37.42,,"T30:193","R1:3513"
"MDA","BA:571","EAR_HUBL_SEX_NB","SEX_F","2023",37.59,,"T30:193","R1:3513"
"MDA","BA:571","EAR_HUBL_SEX_NB","SEX_T","2022",32.29,,"T30:193","R1:3513"
"MDA","BA:571","EAR_HUBL_SEX_NB","SEX_M","2022",32.57,,"T30:193","R1:3513"
"MDA","BA:571","EAR_HUBL_SEX_NB","SEX_F","2022",32.15,,"T30:193","R1:3513"
"MDA","BA:571","EAR_HUBL_SEX_NB","SEX_T","2021",29.47,,"T30:193","R1:3513"
"MDA","BA:571","EAR_HUBL_SEX_NB","SEX_M","2021",28.86,,"T30:193","R1:3513"
"MDA","BA:571","EAR_HUBL_SEX_NB","SEX_F","2021",29.79,,"T30:193","R1:3513"
"MDA","BA:571","EAR_HUBL_SEX_NB","SEX_T","2020",27.18,,"T30:193","R1:3513"
"MDA","BA:571","EAR_HUBL_SEX_NB","SEX_M","2020",27.26,,"T30:193","R1:3513"
"MDA","BA:571","EAR_HUBL_SEX_NB","SEX_F","2020",27.13,,"T30:193","R1:3513"
"MDA","BA:571","EAR_HUBL_SEX_NB","SEX_T","2019",24.75,,"T30:193","R1:3513"
"MDA","BA:571","EAR_HUBL_SEX_NB","SEX_M","2019",25.17,,"T30:193","R1:3513"
"MDA","BA:571","EAR_HUBL_SEX_NB","SEX_F","2019",24.52,,"T30:193","R1:3513"
"MDA","BA:571","EAR_HUBL_SEX_NB","SEX_T","2018",20.36,,"T30:193","R1:3513"
"MDA","BA:571","EAR_HUBL_SEX_NB","SEX_M","2018",21.39,,"T30:193","R1:3513"
"MDA","BA:571","EAR_HUBL_SEX_NB","SEX_F","2018",19.78,,"T30:193","R1:3513"
"MDA","BA:571","EAR_HUBL_SEX_NB","SEX_T","2017",18.34,,"T30:193","R1:3513"
"MDA","BA:571","EAR_HUBL_SEX_NB","SEX_M","2017",18.5,,"T30:193","R1:3513"
"MDA","BA:571","EAR_HUBL_SEX_NB","SEX_F","2017",18.25,,"T30:193","R1:3513"
"MDA","BA:571","EAR_HUBL_SEX_NB","SEX_T","2016",17.27,,"T30:193","R1:3513"
"MDA","BA:571","EAR_HUBL_SEX_NB","SEX_M","2016",17.2,,"T30:193","R1:3513"
"MDA","BA:571","EAR_HUBL_SEX_NB","SEX_F","2016",17.31,,"T30:193","R1:3513"
"MDA","BA:571","EAR_HUBL_SEX_NB","SEX_T","2015",16.93,,"T30:193","R1:3513"
"MDA","BA:571","EAR_HUBL_SEX_NB","SEX_M","2015",17.48,,"T30:193","R1:3513"
"MDA","BA:571","EAR_HUBL_SEX_NB","SEX_F","2015",16.63,,"T30:193","R1:3513"
"MDG","BA:7423","EAR_HUBL_SEX_NB","SEX_T","2015",1867.6,,"T30:28","R1:3513"
"MDG","BA:7423","EAR_HUBL_SEX_NB","SEX_M","2015",1811.38,,"T30:28","R1:3513"
"MDG","BA:7423","EAR_HUBL_SEX_NB","SEX_F","2015",1959.67,,"T30:28","R1:3513"
"MDV","BB:704","EAR_HUBL_SEX_NB","SEX_T","2019",67.43,,"T30:137","R1:3513"
"MDV","BB:704","EAR_HUBL_SEX_NB","SEX_M","2019",68.74,,"T30:137","R1:3513"
"MDV","BB:704","EAR_HUBL_SEX_NB","SEX_F","2019",65.98,,"T30:137","R1:3513"
"MDV","BB:704","EAR_HUBL_SEX_NB","SEX_T","2016",70.64,"B","I11:264_T30:137","R1:3513"
"MDV","BB:704","EAR_HUBL_SEX_NB","SEX_M","2016",78.24,"B","I11:264_T30:137","R1:3513"
"MDV","BB:704","EAR_HUBL_SEX_NB","SEX_F","2016",60.54,"B","I11:264_T30:137","R1:3513"
"MEX","BA:463","EAR_HUBL_SEX_NB","SEX_T","2023",81.16,,"T30:90","R1:3513"
"MEX","BA:463","EAR_HUBL_SEX_NB","SEX_M","2023",80.21,,"T30:90","R1:3513"
"MEX","BA:463","EAR_HUBL_SEX_NB","SEX_F","2023",82.02,,"T30:90","R1:3513"
"MEX","BA:463","EAR_HUBL_SEX_NB","SEX_T","2022",75.19,,"T30:90","R1:3513"
"MEX","BA:463","EAR_HUBL_SEX_NB","SEX_M","2022",73.72,,"T30:90","R1:3513"
"MEX","BA:463","EAR_HUBL_SEX_NB","SEX_F","2022",76.52,,"T30:90","R1:3513"
"MEX","BA:463","EAR_HUBL_SEX_NB","SEX_T","2021",79.47,,"T30:90","R1:3513"
"MEX","BA:463","EAR_HUBL_SEX_NB","SEX_M","2021",77.79,,"T30:90","R1:3513"
"MEX","BA:463","EAR_HUBL_SEX_NB","SEX_F","2021",81.01,,"T30:90","R1:3513"
"MEX","BA:463","EAR_HUBL_SEX_NB","SEX_T","2020",78.8,"B","I11:264_T30:90","R1:3513"
"MEX","BA:463","EAR_HUBL_SEX_NB","SEX_M","2020",75.51,"B","I11:264_T30:90","R1:3513"
"MEX","BA:463","EAR_HUBL_SEX_NB","SEX_F","2020",81.99,"B","I11:264_T30:90","R1:3513"
"MEX","BA:463","EAR_HUBL_SEX_NB","SEX_T","2019",63.29,,"T30:90","R1:3513"
"MEX","BA:463","EAR_HUBL_SEX_NB","SEX_M","2019",62.38,,"T30:90","R1:3513"
"MEX","BA:463","EAR_HUBL_SEX_NB","SEX_F","2019",64.15,,"T30:90","R1:3513"
"MEX","BA:463","EAR_HUBL_SEX_NB","SEX_T","2018",62.42,,"T30:90","R1:3513"
"MEX","BA:463","EAR_HUBL_SEX_NB","SEX_M","2018",62.4,,"T30:90","R1:3513"
"MEX","BA:463","EAR_HUBL_SEX_NB","SEX_F","2018",62.44,,"T30:90","R1:3513"
"MEX","BA:463","EAR_HUBL_SEX_NB","SEX_T","2017",60.28,,"T30:90","R1:3513"
"MEX","BA:463","EAR_HUBL_SEX_NB","SEX_M","2017",59.11,,"T30:90","R1:3513"
"MEX","BA:463","EAR_HUBL_SEX_NB","SEX_F","2017",61.42,,"T30:90","R1:3513"
"MEX","BA:463","EAR_HUBL_SEX_NB","SEX_T","2016",58.34,,"T30:90","R1:3513"
"MEX","BA:463","EAR_HUBL_SEX_NB","SEX_M","2016",57.02,,"T30:90","R1:3513"
"MEX","BA:463","EAR_HUBL_SEX_NB","SEX_F","2016",59.63,,"T30:90","R1:3513"
"MEX","BA:463","EAR_HUBL_SEX_NB","SEX_T","2015",56.56,,"T30:90","R1:3513"
"MEX","BA:463","EAR_HUBL_SEX_NB","SEX_M","2015",55.93,,"T30:90","R1:3513"
"MEX","BA:463","EAR_HUBL_SEX_NB","SEX_F","2015",57.19,,"T30:90","R1:3513"
"MHL","BB:14101","EAR_HUBL_SEX_NB","SEX_T","2019",5.36,,"T30:218","R1:3513"
"MHL","BB:14101","EAR_HUBL_SEX_NB","SEX_M","2019",4.89,,"T30:218","R1:3513"
"MHL","BB:14101","EAR_HUBL_SEX_NB","SEX_F","2019",6.46,,"T30:218","R1:3513"
"MLI","BA:219","EAR_HUBL_SEX_NB","SEX_T","2020",883.96,,"T30:30","R1:3513"
"MLI","BA:219","EAR_HUBL_SEX_NB","SEX_M","2020",960.71,,"T30:30","R1:3513"
"MLI","BA:219","EAR_HUBL_SEX_NB","SEX_F","2020",689.93,,"T30:30","R1:3513"
"MLI","BA:219","EAR_HUBL_SEX_NB","SEX_T","2018",899.29,,"T30:30","R1:3513"
"MLI","BA:219","EAR_HUBL_SEX_NB","SEX_M","2018",931.54,,"T30:30","R1:3513"
"MLI","BA:219","EAR_HUBL_SEX_NB","SEX_F","2018",767.28,,"T30:30","R1:3513"
"MLI","BA:219","EAR_HUBL_SEX_NB","SEX_T","2017",807.38,,"T30:30","R1:3513"
"MLI","BA:219","EAR_HUBL_SEX_NB","SEX_M","2017",846.92,,"T30:30","R1:3513"
"MLI","BA:219","EAR_HUBL_SEX_NB","SEX_F","2017",676.04,,"T30:30","R1:3513"
"MLI","BA:219","EAR_HUBL_SEX_NB","SEX_T","2016",726.3,,"T30:30","R1:3513"
"MLI","BA:219","EAR_HUBL_SEX_NB","SEX_M","2016",767.79,,"T30:30","R1:3513"
"MLI","BA:219","EAR_HUBL_SEX_NB","SEX_F","2016",597.46,,"T30:30","R1:3513"
"MLI","BA:219","EAR_HUBL_SEX_NB","SEX_T","2015",738.97,,"T30:30","R1:3513"
"MLI","BA:219","EAR_HUBL_SEX_NB","SEX_M","2015",709.99,,"T30:30","R1:3513"
"MLI","BA:219","EAR_HUBL_SEX_NB","SEX_F","2015",829.61,,"T30:30","R1:3513"
"MMR","BA:7009","EAR_HUBL_SEX_NB","SEX_T","2020",1597.87,,"T30:139","R1:3513_S3:6"
"MMR","BA:7009","EAR_HUBL_SEX_NB","SEX_M","2020",1538.97,,"T30:139","R1:3513_S3:6"
"MMR","BA:7009","EAR_HUBL_SEX_NB","SEX_F","2020",1641.02,,"T30:139","R1:3513_S3:6"
"MMR","BA:7009","EAR_HUBL_SEX_NB","SEX_T","2019",1187.15,,"T30:139","R1:3513"
"MMR","BA:7009","EAR_HUBL_SEX_NB","SEX_M","2019",1187.24,,"T30:139","R1:3513"
"MMR","BA:7009","EAR_HUBL_SEX_NB","SEX_F","2019",1187.09,,"T30:139","R1:3513"
"MMR","BA:7009","EAR_HUBL_SEX_NB","SEX_T","2018",1083.82,,"T30:139","R1:3513"
"MMR","BA:7009","EAR_HUBL_SEX_NB","SEX_M","2018",1053.49,,"T30:139","R1:3513"
"MMR","BA:7009","EAR_HUBL_SEX_NB","SEX_F","2018",1105.29,,"T30:139","R1:3513"
"MMR","BA:7009","EAR_HUBL_SEX_NB","SEX_T","2017",927.98,"B","I11:264_T30:139","R1:3513"
"MMR","BA:7009","EAR_HUBL_SEX_NB","SEX_M","2017",927.56,"B","I11:264_T30:139","R1:3513"
"MMR","BA:7009","EAR_HUBL_SEX_NB","SEX_F","2017",928.29,"B","I11:264_T30:139","R1:3513"
"MMR","BA:7009","EAR_HUBL_SEX_NB","SEX_T","2015",769.53,"B","I11:264_T30:139","R1:3513"
"MMR","BA:7009","EAR_HUBL_SEX_NB","SEX_M","2015",727.7,"B","I11:264_T30:139","R1:3513"
"MMR","BA:7009","EAR_HUBL_SEX_NB","SEX_F","2015",811.19,"B","I11:264_T30:139","R1:3513"
"MNG","BA:702","EAR_HUBL_SEX_NB","SEX_T","2022",6005.46,,"T30:138","R1:3513"
"MNG","BA:702","EAR_HUBL_SEX_NB","SEX_M","2022",6480.53,,"T30:138","R1:3513"
"MNG","BA:702","EAR_HUBL_SEX_NB","SEX_F","2022",5385.58,,"T30:138","R1:3513"
"MNG","BA:702","EAR_HUBL_SEX_NB","SEX_T","2021",4804.97,,"T30:138","R1:3513"
"MNG","BA:702","EAR_HUBL_SEX_NB","SEX_M","2021",5065.74,,"T30:138","R1:3513"
"MNG","BA:702","EAR_HUBL_SEX_NB","SEX_F","2021",4618.93,,"T30:138","R1:3513"
"MNG","BA:702","EAR_HUBL_SEX_NB","SEX_T","2020",4793.07,,"T30:138","R1:3513"
"MNG","BA:702","EAR_HUBL_SEX_NB","SEX_M","2020",4868.59,,"T30:138","R1:3513"
"MNG","BA:702","EAR_HUBL_SEX_NB","SEX_F","2020",4739.34,,"T30:138","R1:3513"
"MNG","BA:702","EAR_HUBL_SEX_NB","SEX_T","2019",4076.77,"B","I11:264_T30:138","R1:3513"
"MNG","BA:702","EAR_HUBL_SEX_NB","SEX_M","2019",4297.75,"B","I11:264_T30:138","R1:3513"
"MNG","BA:702","EAR_HUBL_SEX_NB","SEX_F","2019",3874.97,"B","I11:264_T30:138","R1:3513"
"MRT","BB:16077","EAR_HUBL_SEX_NB","SEX_T","2019",879.82,,"T30:398","R1:3513"
"MRT","BB:16077","EAR_HUBL_SEX_NB","SEX_M","2019",890.61,,"T30:398","R1:3513"
"MRT","BB:16077","EAR_HUBL_SEX_NB","SEX_F","2019",851.45,,"T30:398","R1:3513"
"MUS","BA:82","EAR_HUBL_SEX_NB","SEX_T","2019",206.01,,"T30:33","R1:3513_T2:85"
"MUS","BA:82","EAR_HUBL_SEX_NB","SEX_M","2019",198.82,,"T30:33","R1:3513_T2:85"
"MUS","BA:82","EAR_HUBL_SEX_NB","SEX_F","2019",218.48,,"T30:33","R1:3513_T2:85"
"MUS","BA:82","EAR_HUBL_SEX_NB","SEX_T","2018",232.72,,"T30:33","R1:3513_T2:85"
"MUS","BA:82","EAR_HUBL_SEX_NB","SEX_M","2018",229.17,,"T30:33","R1:3513_T2:85"
"MUS","BA:82","EAR_HUBL_SEX_NB","SEX_F","2018",238.69,,"T30:33","R1:3513_T2:85"
"MUS","BA:82","EAR_HUBL_SEX_NB","SEX_T","2017",210.25,,"T30:33","R1:3513_T2:85"
"MUS","BA:82","EAR_HUBL_SEX_NB","SEX_M","2017",209.98,,"T30:33","R1:3513_T2:85"
"MUS","BA:82","EAR_HUBL_SEX_NB","SEX_F","2017",210.75,,"T30:33","R1:3513_T2:85"
"MUS","BA:82","EAR_HUBL_SEX_NB","SEX_T","2016",229.91,,"T30:33","R1:3513_T2:85"
"MUS","BA:82","EAR_HUBL_SEX_NB","SEX_M","2016",223.36,,"T30:33","R1:3513_T2:85"
"MUS","BA:82","EAR_HUBL_SEX_NB","SEX_F","2016",244.03,,"T30:33","R1:3513_T2:85"
"MUS","BA:82","EAR_HUBL_SEX_NB","SEX_T","2015",220.69,,"T30:33","R1:3513_T2:85"
"MUS","BA:82","EAR_HUBL_SEX_NB","SEX_M","2015",208.14,,"T30:33","R1:3513_T2:85"
"MUS","BA:82","EAR_HUBL_SEX_NB","SEX_F","2015",247.04,,"T30:33","R1:3513_T2:85"
"NAM","BA:1468","EAR_HUBL_SEX_NB","SEX_T","2018",82.43,,"T30:35","R1:3513"
"NAM","BA:1468","EAR_HUBL_SEX_NB","SEX_M","2018",81.12,,"T30:35","R1:3513"
"NAM","BA:1468","EAR_HUBL_SEX_NB","SEX_F","2018",83.68,,"T30:35","R1:3513"
"NAM","BA:1468","EAR_HUBL_SEX_NB","SEX_T","2016",76.18,,"T30:35","R1:3513"
"NAM","BA:1468","EAR_HUBL_SEX_NB","SEX_M","2016",78.84,,"T30:35","R1:3513"
"NAM","BA:1468","EAR_HUBL_SEX_NB","SEX_F","2016",73.91,,"T30:35","R1:3513"
"NCL","BA:15961","EAR_HUBL_SEX_NB","SEX_T","2017",2130.59,,"T30:224","R1:3513"
"NCL","BA:15961","EAR_HUBL_SEX_NB","SEX_M","2017",2181.03,,"T30:224","R1:3513"
"NCL","BA:15961","EAR_HUBL_SEX_NB","SEX_F","2017",2084.23,,"T30:224","R1:3513"
"NPL","BA:1510","EAR_HUBL_SEX_NB","SEX_T","2017",137.42,"B","I11:264_T30:140","R1:3513"
"NPL","BA:1510","EAR_HUBL_SEX_NB","SEX_M","2017",144.93,"B","I11:264_T30:140","R1:3513"
"NPL","BA:1510","EAR_HUBL_SEX_NB","SEX_F","2017",121.52,"B","I11:264_T30:140","R1:3513"
"PAK","BA:538","EAR_HUBL_SEX_NB","SEX_T","2021",238.22,,"T30:142","R1:3513_S3:26"
"PAK","BA:538","EAR_HUBL_SEX_NB","SEX_M","2021",234.39,,"T30:142","R1:3513_S3:26"
"PAK","BA:538","EAR_HUBL_SEX_NB","SEX_F","2021",255.89,,"T30:142","R1:3513_S3:26"
"PAK","BA:538","EAR_HUBL_SEX_NB","SEX_T","2019",212.73,,"T30:142","R1:3513_S3:26"
"PAK","BA:538","EAR_HUBL_SEX_NB","SEX_M","2019",210.43,,"T30:142","R1:3513_S3:26"
"PAK","BA:538","EAR_HUBL_SEX_NB","SEX_F","2019",226.52,,"T30:142","R1:3513_S3:26"
"PAK","BA:538","EAR_HUBL_SEX_NB","SEX_T","2018",187.37,,"T30:142","R1:3513_S3:26"
"PAK","BA:538","EAR_HUBL_SEX_NB","SEX_M","2018",187.41,,"T30:142","R1:3513_S3:26"
"PAK","BA:538","EAR_HUBL_SEX_NB","SEX_F","2018",187.11,,"T30:142","R1:3513_S3:26"
"PAK","BA:538","EAR_HUBL_SEX_NB","SEX_T","2015",156.75,,"T30:142","R1:3513"
"PAK","BA:538","EAR_HUBL_SEX_NB","SEX_M","2015",156.29,,"T30:142","R1:3513"
"PAK","BA:538","EAR_HUBL_SEX_NB","SEX_F","2015",160.13,,"T30:142","R1:3513"
"PAN","BA:511","EAR_HUBL_SEX_NB","SEX_T","2023",7.51,,"T30:94","R1:3513_S3:21"
"PAN","BA:511","EAR_HUBL_SEX_NB","SEX_M","2023",7.6,,"T30:94","R1:3513_S3:21"
"PAN","BA:511","EAR_HUBL_SEX_NB","SEX_F","2023",7.44,,"T30:94","R1:3513_S3:21"
"PAN","BA:511","EAR_HUBL_SEX_NB","SEX_T","2021",9.01,"B","I11:264_T30:94","R1:3513_S3:21"
"PAN","BA:511","EAR_HUBL_SEX_NB","SEX_M","2021",8.5,"B","I11:264_T30:94","R1:3513_S3:21"
"PAN","BA:511","EAR_HUBL_SEX_NB","SEX_F","2021",9.44,"B","I11:264_T30:94","R1:3513_S3:21"
"PAN","BA:511","EAR_HUBL_SEX_NB","SEX_T","2020",9,"B","I11:264_T30:94","R1:3513_S3:19"
"PAN","BA:511","EAR_HUBL_SEX_NB","SEX_M","2020",8.85,"B","I11:264_T30:94","R1:3513_S3:19"
"PAN","BA:511","EAR_HUBL_SEX_NB","SEX_F","2020",9.11,"B","I11:264_T30:94","R1:3513_S3:19"
"PAN","BA:511","EAR_HUBL_SEX_NB","SEX_T","2019",7.29,,"T30:94","R1:3513_S3:19"
"PAN","BA:511","EAR_HUBL_SEX_NB","SEX_M","2019",7.56,,"T30:94","R1:3513_S3:19"
"PAN","BA:511","EAR_HUBL_SEX_NB","SEX_F","2019",7.04,,"T30:94","R1:3513_S3:19"
"PAN","BA:511","EAR_HUBL_SEX_NB","SEX_T","2018",7.32,,"T30:94","R1:3513_S3:19"
"PAN","BA:511","EAR_HUBL_SEX_NB","SEX_M","2018",7.69,,"T30:94","R1:3513_S3:19"
"PAN","BA:511","EAR_HUBL_SEX_NB","SEX_F","2018",6.98,,"T30:94","R1:3513_S3:19"
"PAN","BA:511","EAR_HUBL_SEX_NB","SEX_T","2017",6.91,,"T30:94","R1:3513_S3:19"
"PAN","BA:511","EAR_HUBL_SEX_NB","SEX_M","2017",6.79,,"T30:94","R1:3513_S3:19"
"PAN","BA:511","EAR_HUBL_SEX_NB","SEX_F","2017",7.01,,"T30:94","R1:3513_S3:19"
"PAN","BA:511","EAR_HUBL_SEX_NB","SEX_T","2016",6.17,,"T30:94","R1:3513_S3:19"
"PAN","BA:511","EAR_HUBL_SEX_NB","SEX_M","2016",6.42,,"T30:94","R1:3513_S3:19"
"PAN","BA:511","EAR_HUBL_SEX_NB","SEX_F","2016",5.95,,"T30:94","R1:3513_S3:19"
"PAN","BA:511","EAR_HUBL_SEX_NB","SEX_T","2015",5.83,,"T30:94","R1:3513_S3:19"
"PAN","BA:511","EAR_HUBL_SEX_NB","SEX_M","2015",6.37,,"T30:94","R1:3513_S3:19"
"PAN","BA:511","EAR_HUBL_SEX_NB","SEX_F","2015",5.33,,"T30:94","R1:3513_S3:19"
"PAN","BX:16113","EAR_HUBL_SEX_NB","SEX_T","2022",7.32,,"T30:94","R1:3513_S3:21"
"PAN","BX:16113","EAR_HUBL_SEX_NB","SEX_M","2022",7.3,,"T30:94","R1:3513_S3:21"
"PAN","BX:16113","EAR_HUBL_SEX_NB","SEX_F","2022",7.34,,"T30:94","R1:3513_S3:21"
"PER","BA:16208","EAR_HUBL_SEX_NB","SEX_T","2023",15.5,"B","I11:264_T30:96","R1:3513"
"PER","BA:16208","EAR_HUBL_SEX_NB","SEX_M","2023",15.45,"B","I11:264_T30:96","R1:3513"
"PER","BA:16208","EAR_HUBL_SEX_NB","SEX_F","2023",15.56,"B","I11:264_T30:96","R1:3513"
"PER","BA:16208","EAR_HUBL_SEX_NB","SEX_T","2022",14.19,"B","I11:264_T30:96","R1:3513"
"PER","BA:16208","EAR_HUBL_SEX_NB","SEX_M","2022",14.17,"B","I11:264_T30:96","R1:3513"
"PER","BA:16208","EAR_HUBL_SEX_NB","SEX_F","2022",14.21,"B","I11:264_T30:96","R1:3513"
"PER","BX:375","EAR_HUBL_SEX_NB","SEX_T","2021",16.45,,"T30:96","R1:3513"
"PER","BX:375","EAR_HUBL_SEX_NB","SEX_M","2021",16.47,,"T30:96","R1:3513"
"PER","BX:375","EAR_HUBL_SEX_NB","SEX_F","2021",16.44,,"T30:96","R1:3513"
"PER","BX:375","EAR_HUBL_SEX_NB","SEX_T","2020",15.75,"B","I11:264_T30:96","R1:3513"
"PER","BX:375","EAR_HUBL_SEX_NB","SEX_M","2020",15.68,"B","I11:264_T30:96","R1:3513"
"PER","BX:375","EAR_HUBL_SEX_NB","SEX_F","2020",15.83,"B","I11:264_T30:96","R1:3513"
"PER","BX:375","EAR_HUBL_SEX_NB","SEX_T","2019",15.03,,"T30:96","R1:3513"
"PER","BX:375","EAR_HUBL_SEX_NB","SEX_M","2019",14.99,,"T30:96","R1:3513"
"PER","BX:375","EAR_HUBL_SEX_NB","SEX_F","2019",15.07,,"T30:96","R1:3513"
"PER","BX:375","EAR_HUBL_SEX_NB","SEX_T","2018",14.21,,"T30:96","R1:3513"
"PER","BX:375","EAR_HUBL_SEX_NB","SEX_M","2018",14.2,,"T30:96","R1:3513"
"PER","BX:375","EAR_HUBL_SEX_NB","SEX_F","2018",14.23,,"T30:96","R1:3513"
"PER","BX:375","EAR_HUBL_SEX_NB","SEX_T","2017",13.05,,"T30:96","R1:3513"
"PER","BX:375","EAR_HUBL_SEX_NB","SEX_M","2017",12.84,,"T30:96","R1:3513"
"PER","BX:375","EAR_HUBL_SEX_NB","SEX_F","2017",13.31,,"T30:96","R1:3513"
"PER","BX:375","EAR_HUBL_SEX_NB","SEX_T","2016",12.3,,"T30:96","R1:3513"
"PER","BX:375","EAR_HUBL_SEX_NB","SEX_M","2016",12.75,,"T30:96","R1:3513"
"PER","BX:375","EAR_HUBL_SEX_NB","SEX_F","2016",11.76,,"T30:96","R1:3513"
"PER","BX:375","EAR_HUBL_SEX_NB","SEX_T","2015",11.44,,"T30:96","R1:3513"
"PER","BX:375","EAR_HUBL_SEX_NB","SEX_M","2015",11.64,,"T30:96","R1:3513"
"PER","BX:375","EAR_HUBL_SEX_NB","SEX_F","2015",11.19,,"T30:96","R1:3513"
"PHL","BA:629","EAR_HUBL_SEX_NB","SEX_T","2022",159.99,,"T30:143","R1:3513"
"PHL","BA:629","EAR_HUBL_SEX_NB","SEX_M","2022",148.32,,"T30:143","R1:3513"
"PHL","BA:629","EAR_HUBL_SEX_NB","SEX_F","2022",169.59,,"T30:143","R1:3513"
"PHL","BA:629","EAR_HUBL_SEX_NB","SEX_T","2021",156.62,,"T30:143","R1:3513"
"PHL","BA:629","EAR_HUBL_SEX_NB","SEX_M","2021",145.17,,"T30:143","R1:3513"
"PHL","BA:629","EAR_HUBL_SEX_NB","SEX_F","2021",166.12,,"T30:143","R1:3513"
"PHL","BA:629","EAR_HUBL_SEX_NB","SEX_T","2020",170.27,,"T30:143","R1:3513"
"PHL","BA:629","EAR_HUBL_SEX_NB","SEX_M","2020",155.27,,"T30:143","R1:3513"
"PHL","BA:629","EAR_HUBL_SEX_NB","SEX_F","2020",183.05,,"T30:143","R1:3513"
"PHL","BA:629","EAR_HUBL_SEX_NB","SEX_T","2019",147.62,,"T30:143","R1:3513"
"PHL","BA:629","EAR_HUBL_SEX_NB","SEX_M","2019",138.68,,"T30:143","R1:3513"
"PHL","BA:629","EAR_HUBL_SEX_NB","SEX_F","2019",154.89,,"T30:143","R1:3513"
"PHL","BA:629","EAR_HUBL_SEX_NB","SEX_T","2018",136.26,,"T30:143","R1:3513"
"PHL","BA:629","EAR_HUBL_SEX_NB","SEX_M","2018",127.26,,"T30:143","R1:3513"
"PHL","BA:629","EAR_HUBL_SEX_NB","SEX_F","2018",143.97,,"T30:143","R1:3513"
"PHL","BA:629","EAR_HUBL_SEX_NB","SEX_T","2017",130,,"T30:143","R1:3513"
"PHL","BA:629","EAR_HUBL_SEX_NB","SEX_M","2017",117.15,,"T30:143","R1:3513"
"PHL","BA:629","EAR_HUBL_SEX_NB","SEX_F","2017",141.18,,"T30:143","R1:3513"
"PHL","BA:629","EAR_HUBL_SEX_NB","SEX_T","2016",127.75,"B","I11:264_T30:143","R1:3513"
"PHL","BA:629","EAR_HUBL_SEX_NB","SEX_M","2016",115.03,"B","I11:264_T30:143","R1:3513"
"PHL","BA:629","EAR_HUBL_SEX_NB","SEX_F","2016",139.14,"B","I11:264_T30:143","R1:3513"
"PHL","BA:629","EAR_HUBL_SEX_NB","SEX_T","2015",127.31,,"T30:143","R1:3513"
"PHL","BA:629","EAR_HUBL_SEX_NB","SEX_M","2015",116.76,,"T30:143","R1:3513"
"PHL","BA:629","EAR_HUBL_SEX_NB","SEX_F","2015",136.63,,"T30:143","R1:3513"
"PRY","BX:14043","EAR_HUBL_SEX_NB","SEX_T","2023",33627.31,,"T30:95","R1:3513"
"PRY","BX:14043","EAR_HUBL_SEX_NB","SEX_M","2023",32956.95,,"T30:95","R1:3513"
"PRY","BX:14043","EAR_HUBL_SEX_NB","SEX_F","2023",34239.5,,"T30:95","R1:3513"
"PRY","BX:14043","EAR_HUBL_SEX_NB","SEX_T","2022",30833.57,,"T30:95","R1:3513"
"PRY","BX:14043","EAR_HUBL_SEX_NB","SEX_M","2022",30579.7,,"T30:95","R1:3513"
"PRY","BX:14043","EAR_HUBL_SEX_NB","SEX_F","2022",31079.97,,"T30:95","R1:3513"
"PRY","BX:14043","EAR_HUBL_SEX_NB","SEX_T","2021",31201.93,,"T30:95","R1:3513"
"PRY","BX:14043","EAR_HUBL_SEX_NB","SEX_M","2021",30125.05,,"T30:95","R1:3513"
"PRY","BX:14043","EAR_HUBL_SEX_NB","SEX_F","2021",32184.7,,"T30:95","R1:3513"
"PRY","BX:14043","EAR_HUBL_SEX_NB","SEX_T","2019",31617.88,,"T30:95","R1:3513"
"PRY","BX:14043","EAR_HUBL_SEX_NB","SEX_M","2019",30448.34,,"T30:95","R1:3513"
"PRY","BX:14043","EAR_HUBL_SEX_NB","SEX_F","2019",32793.48,,"T30:95","R1:3513"
"PRY","BX:14043","EAR_HUBL_SEX_NB","SEX_T","2018",29502.42,,"T30:95","R1:3513"
"PRY","BX:14043","EAR_HUBL_SEX_NB","SEX_M","2018",28993.44,,"T30:95","R1:3513"
"PRY","BX:14043","EAR_HUBL_SEX_NB","SEX_F","2018",30036.72,,"T30:95","R1:3513"
"PRY","BX:14043","EAR_HUBL_SEX_NB","SEX_T","2017",25733.67,,"T30:95","R1:3513"
"PRY","BX:14043","EAR_HUBL_SEX_NB","SEX_M","2017",25424.57,,"T30:95","R1:3513"
"PRY","BX:14043","EAR_HUBL_SEX_NB","SEX_F","2017",26049.66,,"T30:95","R1:3513"
"PRY","BX:534","EAR_HUBL_SEX_NB","SEX_T","2016",21749.63,,"T30:95","R1:3513"
"PRY","BX:534","EAR_HUBL_SEX_NB","SEX_M","2016",21618.94,,"T30:95","R1:3513"
"PRY","BX:534","EAR_HUBL_SEX_NB","SEX_F","2016",21880.8,,"T30:95","R1:3513"
"PRY","BX:534","EAR_HUBL_SEX_NB","SEX_T","2015",21638.65,,"T30:95","R1:3513"
"PRY","BX:534","EAR_HUBL_SEX_NB","SEX_M","2015",21505.57,,"T30:95","R1:3513"
"PRY","BX:534","EAR_HUBL_SEX_NB","SEX_F","2015",21766.86,,"T30:95","R1:3513"
"PSE","BA:592","EAR_HUBL_SEX_NB","SEX_T","2022",19.55,,"T30:157","R1:3513"
"PSE","BA:592","EAR_HUBL_SEX_NB","SEX_M","2022",18.36,,"T30:157","R1:3513"
"PSE","BA:592","EAR_HUBL_SEX_NB","SEX_F","2022",22.29,,"T30:157","R1:3513"
"PSE","BA:592","EAR_HUBL_SEX_NB","SEX_T","2021",18.4,,"T30:157","R1:3513"
"PSE","BA:592","EAR_HUBL_SEX_NB","SEX_M","2021",17.41,,"T30:157","R1:3513"
"PSE","BA:592","EAR_HUBL_SEX_NB","SEX_F","2021",20.75,,"T30:157","R1:3513"
"PSE","BA:592","EAR_HUBL_SEX_NB","SEX_T","2020",20.13,,"T30:157","R1:3513"
"PSE","BA:592","EAR_HUBL_SEX_NB","SEX_M","2020",17.96,,"T30:157","R1:3513"
"PSE","BA:592","EAR_HUBL_SEX_NB","SEX_F","2020",25.91,,"T30:157","R1:3513"
"PSE","BA:592","EAR_HUBL_SEX_NB","SEX_T","2019",17.81,,"T30:157","R1:3513"
"PSE","BA:592","EAR_HUBL_SEX_NB","SEX_M","2019",16.63,,"T30:157","R1:3513"
"PSE","BA:592","EAR_HUBL_SEX_NB","SEX_F","2019",20.78,,"T30:157","R1:3513"
"PSE","BA:592","EAR_HUBL_SEX_NB","SEX_T","2018",17.19,,"T30:157","R1:3513"
"PSE","BA:592","EAR_HUBL_SEX_NB","SEX_M","2018",16.14,,"T30:157","R1:3513"
"PSE","BA:592","EAR_HUBL_SEX_NB","SEX_F","2018",19.98,,"T30:157","R1:3513"
"PSE","BA:592","EAR_HUBL_SEX_NB","SEX_T","2017",16.65,,"T30:157","R1:3513"
"PSE","BA:592","EAR_HUBL_SEX_NB","SEX_M","2017",15.99,,"T30:157","R1:3513"
"PSE","BA:592","EAR_HUBL_SEX_NB","SEX_F","2017",18.51,,"T30:157","R1:3513"
"PSE","BA:592","EAR_HUBL_SEX_NB","SEX_T","2016",16.4,,"T30:157","R1:3513"
"PSE","BA:592","EAR_HUBL_SEX_NB","SEX_M","2016",15.36,,"T30:157","R1:3513"
"PSE","BA:592","EAR_HUBL_SEX_NB","SEX_F","2016",19.44,,"T30:157","R1:3513"
"PSE","BA:592","EAR_HUBL_SEX_NB","SEX_T","2015",16.1,,"T30:157","R1:3513"
"PSE","BA:592","EAR_HUBL_SEX_NB","SEX_M","2015",15.06,,"T30:157","R1:3513"
"PSE","BA:592","EAR_HUBL_SEX_NB","SEX_F","2015",19.11,,"T30:157","R1:3513"
"RWA","BA:1590","EAR_HUBL_SEX_NB","SEX_T","2023",1300.96,,"T30:39","R1:3513"
"RWA","BA:1590","EAR_HUBL_SEX_NB","SEX_M","2023",1445.9,,"T30:39","R1:3513"
"RWA","BA:1590","EAR_HUBL_SEX_NB","SEX_F","2023",1116.09,,"T30:39","R1:3513"
"RWA","BA:1590","EAR_HUBL_SEX_NB","SEX_T","2022",949.67,,"T30:39","R1:3513"
"RWA","BA:1590","EAR_HUBL_SEX_NB","SEX_M","2022",1068.08,,"T30:39","R1:3513"
"RWA","BA:1590","EAR_HUBL_SEX_NB","SEX_F","2022",781.56,,"T30:39","R1:3513"
"RWA","BA:1590","EAR_HUBL_SEX_NB","SEX_T","2021",946.33,,"T30:39","R1:3513"
"RWA","BA:1590","EAR_HUBL_SEX_NB","SEX_M","2021",1030.52,,"T30:39","R1:3513"
"RWA","BA:1590","EAR_HUBL_SEX_NB","SEX_F","2021",825.03,,"T30:39","R1:3513"
"RWA","BA:1590","EAR_HUBL_SEX_NB","SEX_T","2017",1150.65,"B","I11:264_T30:39","R1:3513"
"RWA","BA:1590","EAR_HUBL_SEX_NB","SEX_M","2017",1305.7,"B","I11:264_T30:39","R1:3513"
"RWA","BA:1590","EAR_HUBL_SEX_NB","SEX_F","2017",886.87,"B","I11:264_T30:39","R1:3513"
"SDN","BA:1603","EAR_HUBL_SEX_NB","SEX_T","2022",649.33,"B","I11:264_T30:48","R1:3513"
"SDN","BA:1603","EAR_HUBL_SEX_NB","SEX_M","2022",719.79,"B","I11:264_T30:48","R1:3513"
"SDN","BA:1603","EAR_HUBL_SEX_NB","SEX_F","2022",438.53,"B","I11:264_T30:48","R1:3513"
"SEN","BA:13368","EAR_HUBL_SEX_NB","SEX_T","2019",950.71,,"T30:42","R1:3513"
"SEN","BA:13368","EAR_HUBL_SEX_NB","SEX_M","2019",1067.93,,"T30:42","R1:3513"
"SEN","BA:13368","EAR_HUBL_SEX_NB","SEX_F","2019",694.94,,"T30:42","R1:3513"
"SLE","BX:15953","EAR_HUBL_SEX_NB","SEX_T","2018",12891.48,,"T30:44","R1:3513"
"SLE","BX:15953","EAR_HUBL_SEX_NB","SEX_M","2018",13800.3,,"T30:44","R1:3513"
"SLE","BX:15953","EAR_HUBL_SEX_NB","SEX_F","2018",10285.42,,"T30:44","R1:3513"
"SLV","BX:461","EAR_HUBL_SEX_NB","SEX_T","2019",3.96,,"T30:78","R1:3513_T2:85"
"SLV","BX:461","EAR_HUBL_SEX_NB","SEX_M","2019",3.63,,"T30:78","R1:3513_T2:85"
"SLV","BX:461","EAR_HUBL_SEX_NB","SEX_F","2019",4.4,,"T30:78","R1:3513_T2:85"
"SLV","BX:461","EAR_HUBL_SEX_NB","SEX_T","2018",3.7,,"T30:78","R1:3513_T2:85"
"SLV","BX:461","EAR_HUBL_SEX_NB","SEX_M","2018",3.4,,"T30:78","R1:3513_T2:85"
"SLV","BX:461","EAR_HUBL_SEX_NB","SEX_F","2018",4.09,,"T30:78","R1:3513_T2:85"
"SLV","BX:461","EAR_HUBL_SEX_NB","SEX_T","2017",3.65,,"T30:78","R1:3513_T2:85"
"SLV","BX:461","EAR_HUBL_SEX_NB","SEX_M","2017",3.25,,"T30:78","R1:3513_T2:85"
"SLV","BX:461","EAR_HUBL_SEX_NB","SEX_F","2017",4.21,,"T30:78","R1:3513_T2:85"
"SLV","BX:461","EAR_HUBL_SEX_NB","SEX_T","2016",3.42,,"T30:78","R1:3513_T2:85"
"SLV","BX:461","EAR_HUBL_SEX_NB","SEX_M","2016",3.05,,"T30:78","R1:3513_T2:85"
"SLV","BX:461","EAR_HUBL_SEX_NB","SEX_F","2016",3.96,,"T30:78","R1:3513_T2:85"
"SLV","BX:461","EAR_HUBL_SEX_NB","SEX_T","2015",3.33,,"T30:78","R1:3513_T2:85"
"SLV","BX:461","EAR_HUBL_SEX_NB","SEX_M","2015",3.08,,"T30:78","R1:3513_T2:85"
"SLV","BX:461","EAR_HUBL_SEX_NB","SEX_F","2015",3.66,,"T30:78","R1:3513_T2:85"
"SRB","BA:467","EAR_HUBL_SEX_NB","SEX_T","2022",339.07,,"T30:203","R1:3513"
"SRB","BA:467","EAR_HUBL_SEX_NB","SEX_M","2022",337.02,,"T30:203","R1:3513"
"SRB","BA:467","EAR_HUBL_SEX_NB","SEX_F","2022",340.91,,"T30:203","R1:3513"
"SRB","BA:467","EAR_HUBL_SEX_NB","SEX_T","2021",380.09,,"T30:203","R1:3513"
"SRB","BA:467","EAR_HUBL_SEX_NB","SEX_M","2021",389.64,,"T30:203","R1:3513"
"SRB","BA:467","EAR_HUBL_SEX_NB","SEX_F","2021",370.93,,"T30:203","R1:3513"
"SRB","BA:467","EAR_HUBL_SEX_NB","SEX_T","2020",298.67,,"T30:203","R1:3513"
"SRB","BA:467","EAR_HUBL_SEX_NB","SEX_M","2020",299.21,,"T30:203","R1:3513"
"SRB","BA:467","EAR_HUBL_SEX_NB","SEX_F","2020",298.15,,"T30:203","R1:3513"
"SRB","BA:467","EAR_HUBL_SEX_NB","SEX_T","2019",282.91,,"T30:203","R1:3513"
"SRB","BA:467","EAR_HUBL_SEX_NB","SEX_M","2019",285.02,,"T30:203","R1:3513"
"SRB","BA:467","EAR_HUBL_SEX_NB","SEX_F","2019",280.95,,"T30:203","R1:3513"
"SRB","BA:467","EAR_HUBL_SEX_NB","SEX_T","2018",256.39,,"T30:203","R1:3513"
"SRB","BA:467","EAR_HUBL_SEX_NB","SEX_M","2018",265.3,,"T30:203","R1:3513"
"SRB","BA:467","EAR_HUBL_SEX_NB","SEX_F","2018",247.73,,"T30:203","R1:3513"
"SRB","BA:467","EAR_HUBL_SEX_NB","SEX_T","2017",242.13,,"T30:203","R1:3513"
"SRB","BA:467","EAR_HUBL_SEX_NB","SEX_M","2017",252.85,,"T30:203","R1:3513"
"SRB","BA:467","EAR_HUBL_SEX_NB","SEX_F","2017",231.36,,"T30:203","R1:3513"
"SRB","BA:467","EAR_HUBL_SEX_NB","SEX_T","2016",233.48,,"T30:203","R1:3513"
"SRB","BA:467","EAR_HUBL_SEX_NB","SEX_M","2016",239.26,,"T30:203","R1:3513"
"SRB","BA:467","EAR_HUBL_SEX_NB","SEX_F","2016",227.75,,"T30:203","R1:3513"
"SRB","BA:467","EAR_HUBL_SEX_NB","SEX_T","2015",232.58,,"T30:203","R1:3513"
"SRB","BA:467","EAR_HUBL_SEX_NB","SEX_M","2015",237.37,,"T30:203","R1:3513"
"SRB","BA:467","EAR_HUBL_SEX_NB","SEX_F","2015",227.69,,"T30:203","R1:3513"
"SWZ","BA:1672","EAR_HUBL_SEX_NB","SEX_T","2021",58.2,,"T30:49","R1:3513"
"SWZ","BA:1672","EAR_HUBL_SEX_NB","SEX_M","2021",56.45,,"T30:49","R1:3513"
"SWZ","BA:1672","EAR_HUBL_SEX_NB","SEX_F","2021",60.39,,"T30:49","R1:3513"
"SWZ","BA:1672","EAR_HUBL_SEX_NB","SEX_T","2016",43.31,,"T30:49","R1:3513"
"SWZ","BA:1672","EAR_HUBL_SEX_NB","SEX_M","2016",48.43,,"T30:49","R1:3513"
"SWZ","BA:1672","EAR_HUBL_SEX_NB","SEX_F","2016",36.92,,"T30:49","R1:3513"
"THA","BA:741","EAR_HUBL_SEX_NB","SEX_T","2022",148.06,,"T30:151","R1:3513"
"THA","BA:741","EAR_HUBL_SEX_NB","SEX_M","2022",146.58,,"T30:151","R1:3513"
"THA","BA:741","EAR_HUBL_SEX_NB","SEX_F","2022",149.39,,"T30:151","R1:3513"
"THA","BA:741","EAR_HUBL_SEX_NB","SEX_T","2021",148.54,,"T30:151","R1:3513"
"THA","BA:741","EAR_HUBL_SEX_NB","SEX_M","2021",142.78,,"T30:151","R1:3513"
"THA","BA:741","EAR_HUBL_SEX_NB","SEX_F","2021",153.81,,"T30:151","R1:3513"
"THA","BA:741","EAR_HUBL_SEX_NB","SEX_T","2020",156.67,,"T30:151","R1:3513"
"THA","BA:741","EAR_HUBL_SEX_NB","SEX_M","2020",148.65,,"T30:151","R1:3513"
"THA","BA:741","EAR_HUBL_SEX_NB","SEX_F","2020",164.19,,"T30:151","R1:3513"
"THA","BA:741","EAR_HUBL_SEX_NB","SEX_T","2019",144.09,,"T30:151","R1:3513"
"THA","BA:741","EAR_HUBL_SEX_NB","SEX_M","2019",140.06,,"T30:151","R1:3513"
"THA","BA:741","EAR_HUBL_SEX_NB","SEX_F","2019",147.95,,"T30:151","R1:3513"
"THA","BA:741","EAR_HUBL_SEX_NB","SEX_T","2018",142.46,,"T30:151","R1:3513"
"THA","BA:741","EAR_HUBL_SEX_NB","SEX_M","2018",139.38,,"T30:151","R1:3513"
"THA","BA:741","EAR_HUBL_SEX_NB","SEX_F","2018",145.49,,"T30:151","R1:3513"
"THA","BA:741","EAR_HUBL_SEX_NB","SEX_T","2017",143.59,,"T30:151","R1:3513"
"THA","BA:741","EAR_HUBL_SEX_NB","SEX_M","2017",140.55,,"T30:151","R1:3513"
"THA","BA:741","EAR_HUBL_SEX_NB","SEX_F","2017",146.6,,"T30:151","R1:3513"
"THA","BA:741","EAR_HUBL_SEX_NB","SEX_T","2016",144.27,,"T30:151","R1:3513"
"THA","BA:741","EAR_HUBL_SEX_NB","SEX_M","2016",140.95,,"T30:151","R1:3513"
"THA","BA:741","EAR_HUBL_SEX_NB","SEX_F","2016",147.59,,"T30:151","R1:3513"
"THA","BA:741","EAR_HUBL_SEX_NB","SEX_T","2015",107,,"T30:151","R1:3513"
"THA","BA:741","EAR_HUBL_SEX_NB","SEX_M","2015",104.08,,"T30:151","R1:3513"
"THA","BA:741","EAR_HUBL_SEX_NB","SEX_F","2015",110.11,,"T30:151","R1:3513"
"TKL","BB:16122","EAR_HUBL_SEX_NB","SEX_T","2016",4.75,,"T30:230","R1:3513"
"TKL","BB:16122","EAR_HUBL_SEX_NB","SEX_M","2016",4.72,,"T30:230","R1:3513"
"TKL","BB:16122","EAR_HUBL_SEX_NB","SEX_F","2016",4.79,,"T30:230","R1:3513"
"TLS","BA:3050","EAR_HUBL_SEX_NB","SEX_T","2021",2.67,,"T30:152","R1:3513"
"TLS","BA:3050","EAR_HUBL_SEX_NB","SEX_M","2021",2.48,,"T30:152","R1:3513"
"TLS","BA:3050","EAR_HUBL_SEX_NB","SEX_F","2021",3.16,,"T30:152","R1:3513"
"TON","BA:1712","EAR_HUBL_SEX_NB","SEX_T","2018",13.14,"B","I11:264_T30:231","R1:3513"
"TON","BA:1712","EAR_HUBL_SEX_NB","SEX_M","2018",11.63,"B","I11:264_T30:231","R1:3513"
"TON","BA:1712","EAR_HUBL_SEX_NB","SEX_F","2018",14.96,"B","I11:264_T30:231","R1:3513"
"TON","BB:16119","EAR_HUBL_SEX_NB","SEX_T","2021",9.16,,"T30:231","R1:3513"
"TON","BB:16119","EAR_HUBL_SEX_NB","SEX_M","2021",10.57,,"T30:231","R1:3513"
"TON","BB:16119","EAR_HUBL_SEX_NB","SEX_F","2021",7.45,,"T30:231","R1:3513"
"TUN","BA:743","EAR_HUBL_SEX_NB","SEX_T","2019",8.38,,"T30:55","R1:3513_S3:9"
"TUN","BA:743","EAR_HUBL_SEX_NB","SEX_M","2019",7.44,,"T30:55","R1:3513_S3:9"
"TUN","BA:743","EAR_HUBL_SEX_NB","SEX_F","2019",10.19,,"T30:55","R1:3513_S3:9"
"TUR","BA:622","EAR_HUBL_SEX_NB","SEX_T","2022",67.15,,"T30:208","R1:3513"
"TUR","BA:622","EAR_HUBL_SEX_NB","SEX_M","2022",66.64,,"T30:208","R1:3513"
"TUR","BA:622","EAR_HUBL_SEX_NB","SEX_F","2022",68.1,,"T30:208","R1:3513"
"TUR","BA:622","EAR_HUBL_SEX_NB","SEX_T","2021",45.62,,"T30:208","R1:3513"
"TUR","BA:622","EAR_HUBL_SEX_NB","SEX_M","2021",45.95,,"T30:208","R1:3513"
"TUR","BA:622","EAR_HUBL_SEX_NB","SEX_F","2021",44.98,,"T30:208","R1:3513"
"TUR","BA:622","EAR_HUBL_SEX_NB","SEX_T","2020",38.09,,"T30:208","R1:3513"
"TUR","BA:622","EAR_HUBL_SEX_NB","SEX_M","2020",35.66,,"T30:208","R1:3513"
"TUR","BA:622","EAR_HUBL_SEX_NB","SEX_F","2020",43.2,,"T30:208","R1:3513"
"TUR","BA:622","EAR_HUBL_SEX_NB","SEX_T","2019",26.09,,"T30:208","R1:3513"
"TUR","BA:622","EAR_HUBL_SEX_NB","SEX_M","2019",25.91,,"T30:208","R1:3513"
"TUR","BA:622","EAR_HUBL_SEX_NB","SEX_F","2019",26.46,,"T30:208","R1:3513"
"TUR","BA:622","EAR_HUBL_SEX_NB","SEX_T","2018",21.9,,"T30:208","R1:3513"
"TUR","BA:622","EAR_HUBL_SEX_NB","SEX_M","2018",21.81,,"T30:208","R1:3513"
"TUR","BA:622","EAR_HUBL_SEX_NB","SEX_F","2018",22.06,,"T30:208","R1:3513"
"TUR","BA:622","EAR_HUBL_SEX_NB","SEX_T","2017",20.25,,"T30:208","R1:3513"
"TUR","BA:622","EAR_HUBL_SEX_NB","SEX_M","2017",20.14,,"T30:208","R1:3513"
"TUR","BA:622","EAR_HUBL_SEX_NB","SEX_F","2017",20.46,,"T30:208","R1:3513"
"TUR","BA:622","EAR_HUBL_SEX_NB","SEX_T","2016",18.44,,"T30:208","R1:3513"
"TUR","BA:622","EAR_HUBL_SEX_NB","SEX_M","2016",18.29,,"T30:208","R1:3513"
"TUR","BA:622","EAR_HUBL_SEX_NB","SEX_F","2016",18.75,,"T30:208","R1:3513"
"TUR","BA:622","EAR_HUBL_SEX_NB","SEX_T","2015",16.44,,"T30:208","R1:3513"
"TUR","BA:622","EAR_HUBL_SEX_NB","SEX_M","2015",16.24,,"T30:208","R1:3513"
"TUR","BA:622","EAR_HUBL_SEX_NB","SEX_F","2015",16.91,,"T30:208","R1:3513"
"TZA","BA:1743","EAR_HUBL_SEX_NB","SEX_T","2020",3189.26,"B","I11:264_T30:50","R1:3513"
"TZA","BA:1743","EAR_HUBL_SEX_NB","SEX_M","2020",3202.41,"B","I11:264_T30:50","R1:3513"
"TZA","BA:1743","EAR_HUBL_SEX_NB","SEX_F","2020",3163.93,"B","I11:264_T30:50","R1:3513"
"UGA","BA:13047","EAR_HUBL_SEX_NB","SEX_T","2021",8704.27,,"T30:56","R1:3513"
"UGA","BA:13047","EAR_HUBL_SEX_NB","SEX_M","2021",9112.57,,"T30:56","R1:3513"
"UGA","BA:13047","EAR_HUBL_SEX_NB","SEX_F","2021",7340.06,,"T30:56","R1:3513"
"UGA","BA:13047","EAR_HUBL_SEX_NB","SEX_T","2017",3492.67,"B","I11:264_T30:56","R1:3513"
"UGA","BA:13047","EAR_HUBL_SEX_NB","SEX_M","2017",3551.47,"B","I11:264_T30:56","R1:3513"
"UGA","BA:13047","EAR_HUBL_SEX_NB","SEX_F","2017",3369.74,"B","I11:264_T30:56","R1:3513"
"UGA","BB:268","EAR_HUBL_SEX_NB","SEX_T","2019",8685.64,,"T30:56","R1:3513"
"UGA","BB:268","EAR_HUBL_SEX_NB","SEX_M","2019",11081.47,,"T30:56","R1:3513"
"UGA","BB:268","EAR_HUBL_SEX_NB","SEX_F","2019",5116.32,,"T30:56","R1:3513"
"URY","BA:348","EAR_HUBL_SEX_NB","SEX_T","2023",401.03,,"T30:106","R1:3513"
"URY","BA:348","EAR_HUBL_SEX_NB","SEX_M","2023",388.92,,"T30:106","R1:3513"
"URY","BA:348","EAR_HUBL_SEX_NB","SEX_F","2023",412.17,,"T30:106","R1:3513"
"USA","BA:453","EAR_HUBL_SEX_NB","SEX_T","2023",42.34,,"T30:105","R1:3513_T2:85"
"USA","BA:453","EAR_HUBL_SEX_NB","SEX_M","2023",46.06,,"T30:105","R1:3513_T2:85"
"USA","BA:453","EAR_HUBL_SEX_NB","SEX_F","2023",39.43,,"T30:105","R1:3513_T2:85"
"USA","BA:453","EAR_HUBL_SEX_NB","SEX_T","2022",40.6,,"T30:105","R1:3513_T2:85"
"USA","BA:453","EAR_HUBL_SEX_NB","SEX_M","2022",43.35,,"T30:105","R1:3513_T2:85"
"USA","BA:453","EAR_HUBL_SEX_NB","SEX_F","2022",38.45,,"T30:105","R1:3513_T2:85"
"USA","BA:453","EAR_HUBL_SEX_NB","SEX_T","2021",36.72,,"T30:105","R1:3513_T2:85"
"USA","BA:453","EAR_HUBL_SEX_NB","SEX_M","2021",40.35,,"T30:105","R1:3513_T2:85"
"USA","BA:453","EAR_HUBL_SEX_NB","SEX_F","2021",33.94,,"T30:105","R1:3513_T2:85"
"USA","BA:453","EAR_HUBL_SEX_NB","SEX_T","2020",37.95,"B","I11:264_T30:105","R1:3513_T2:85"
"USA","BA:453","EAR_HUBL_SEX_NB","SEX_M","2020",41.01,"B","I11:264_T30:105","R1:3513_T2:85"
"USA","BA:453","EAR_HUBL_SEX_NB","SEX_F","2020",35.59,"B","I11:264_T30:105","R1:3513_T2:85"
"USA","BA:453","EAR_HUBL_SEX_NB","SEX_T","2019",33.06,,"T30:105","R1:3513_T2:85"
"USA","BA:453","EAR_HUBL_SEX_NB","SEX_M","2019",35.63,,"T30:105","R1:3513_T2:85"
"USA","BA:453","EAR_HUBL_SEX_NB","SEX_F","2019",31.12,,"T30:105","R1:3513_T2:85"
"USA","BA:453","EAR_HUBL_SEX_NB","SEX_T","2018",33.34,,"T30:105","R1:3513_T2:85"
"USA","BA:453","EAR_HUBL_SEX_NB","SEX_M","2018",35.08,,"T30:105","R1:3513_T2:85"
"USA","BA:453","EAR_HUBL_SEX_NB","SEX_F","2018",31.98,,"T30:105","R1:3513_T2:85"
"USA","BA:453","EAR_HUBL_SEX_NB","SEX_T","2017",32.26,,"T30:105","R1:3513_T2:85"
"USA","BA:453","EAR_HUBL_SEX_NB","SEX_M","2017",32.4,,"T30:105","R1:3513_T2:85"
"USA","BA:453","EAR_HUBL_SEX_NB","SEX_F","2017",32.14,,"T30:105","R1:3513_T2:85"
"USA","BA:453","EAR_HUBL_SEX_NB","SEX_T","2016",31.67,,"T30:105","R1:3513_T2:85"
"USA","BA:453","EAR_HUBL_SEX_NB","SEX_M","2016",32.41,,"T30:105","R1:3513_T2:85"
"USA","BA:453","EAR_HUBL_SEX_NB","SEX_F","2016",31.1,,"T30:105","R1:3513_T2:85"
"USA","BA:453","EAR_HUBL_SEX_NB","SEX_T","2015",30.91,,"T30:105","R1:3513_T2:85"
"USA","BA:453","EAR_HUBL_SEX_NB","SEX_M","2015",32.57,,"T30:105","R1:3513_T2:85"
"USA","BA:453","EAR_HUBL_SEX_NB","SEX_F","2015",29.63,,"T30:105","R1:3513_T2:85"
"VEN","BA:382","EAR_HUBL_SEX_NB","SEX_T","2017",1870.03,,"T30:107","R1:3513"
"VEN","BA:382","EAR_HUBL_SEX_NB","SEX_M","2017",1925.52,,"T30:107","R1:3513"
"VEN","BA:382","EAR_HUBL_SEX_NB","SEX_F","2017",1822.77,,"T30:107","R1:3513"
"VEN","BA:382","EAR_HUBL_SEX_NB","SEX_T","2016",138.62,,"T30:107","R1:3513"
"VEN","BA:382","EAR_HUBL_SEX_NB","SEX_M","2016",143.58,,"T30:107","R1:3513"
"VEN","BA:382","EAR_HUBL_SEX_NB","SEX_F","2016",134.45,,"T30:107","R1:3513"
"VNM","BA:1788","EAR_HUBL_SEX_NB","SEX_T","2022",49983.97,,"T30:156","R1:3513"
"VNM","BA:1788","EAR_HUBL_SEX_NB","SEX_M","2022",51079.03,,"T30:156","R1:3513"
"VNM","BA:1788","EAR_HUBL_SEX_NB","SEX_F","2022",48971.66,,"T30:156","R1:3513"
"VNM","BA:1788","EAR_HUBL_SEX_NB","SEX_T","2021",42857.63,,"T30:156","R1:3513"
"VNM","BA:1788","EAR_HUBL_SEX_NB","SEX_M","2021",44929.97,,"T30:156","R1:3513"
"VNM","BA:1788","EAR_HUBL_SEX_NB","SEX_F","2021",41178.41,,"T30:156","R1:3513"
"VNM","BA:1788","EAR_HUBL_SEX_NB","SEX_T","2020",45600.89,,"T30:156","R1:3513"
"VNM","BA:1788","EAR_HUBL_SEX_NB","SEX_M","2020",47650.13,,"T30:156","R1:3513"
"VNM","BA:1788","EAR_HUBL_SEX_NB","SEX_F","2020",43960.1,,"T30:156","R1:3513"
"VNM","BA:1788","EAR_HUBL_SEX_NB","SEX_T","2019",43407.02,,"T30:156","R1:3513_S14:4077"
"VNM","BA:1788","EAR_HUBL_SEX_NB","SEX_M","2019",46428.83,,"T30:156","R1:3513_S14:4077"
"VNM","BA:1788","EAR_HUBL_SEX_NB","SEX_F","2019",40949.78,,"T30:156","R1:3513_S14:4077"
"VNM","BA:1788","EAR_HUBL_SEX_NB","SEX_T","2018",39024.82,,"T30:156","R1:3513"
"VNM","BA:1788","EAR_HUBL_SEX_NB","SEX_M","2018",40302.02,,"T30:156","R1:3513"
"VNM","BA:1788","EAR_HUBL_SEX_NB","SEX_F","2018",37662.02,,"T30:156","R1:3513"
"VNM","BA:1788","EAR_HUBL_SEX_NB","SEX_T","2017",39369.38,,"T30:156","R1:3513"
"VNM","BA:1788","EAR_HUBL_SEX_NB","SEX_M","2017",40615.16,,"T30:156","R1:3513"
"VNM","BA:1788","EAR_HUBL_SEX_NB","SEX_F","2017",37991.32,,"T30:156","R1:3513"
"VNM","BA:1788","EAR_HUBL_SEX_NB","SEX_T","2016",38989.95,,"T30:156","R1:3513"
"VNM","BA:1788","EAR_HUBL_SEX_NB","SEX_M","2016",40508.21,,"T30:156","R1:3513"
"VNM","BA:1788","EAR_HUBL_SEX_NB","SEX_F","2016",37312.67,,"T30:156","R1:3513"
"VNM","BA:1788","EAR_HUBL_SEX_NB","SEX_T","2015",39056.12,,"T30:156","R1:3513"
"VNM","BA:1788","EAR_HUBL_SEX_NB","SEX_M","2015",40015.1,,"T30:156","R1:3513"
"VNM","BA:1788","EAR_HUBL_SEX_NB","SEX_F","2015",37969.35,,"T30:156","R1:3513"
"WLF","BB:16123","EAR_HUBL_SEX_NB","SEX_T","2019",2150.33,,"T30:216","R1:3513"
"WLF","BB:16123","EAR_HUBL_SEX_NB","SEX_M","2019",2196.92,,"T30:216","R1:3513"
"WLF","BB:16123","EAR_HUBL_SEX_NB","SEX_F","2019",2110.77,,"T30:216","R1:3513"
"WSM","BA:1794","EAR_HUBL_SEX_NB","SEX_T","2022",15.5,"B","I11:264_T30:228","R1:3513"
"WSM","BA:1794","EAR_HUBL_SEX_NB","SEX_M","2022",14.36,"B","I11:264_T30:228","R1:3513"
"WSM","BA:1794","EAR_HUBL_SEX_NB","SEX_F","2022",16.71,"B","I11:264_T30:228","R1:3513"
"WSM","BA:1794","EAR_HUBL_SEX_NB","SEX_T","2017",8.91,"B","I11:264_T30:228","R1:3513"
"WSM","BA:1794","EAR_HUBL_SEX_NB","SEX_M","2017",8.39,"B","I11:264_T30:228","R1:3513"
"WSM","BA:1794","EAR_HUBL_SEX_NB","SEX_F","2017",9.52,"B","I11:264_T30:228","R1:3513"
"ZMB","BA:2212","EAR_HUBL_SEX_NB","SEX_T","2022",40.06,,"T30:379","R1:3513"
"ZMB","BA:2212","EAR_HUBL_SEX_NB","SEX_M","2022",36.73,,"T30:379","R1:3513"
"ZMB","BA:2212","EAR_HUBL_SEX_NB","SEX_F","2022",45.35,,"T30:379","R1:3513"
"ZMB","BA:2212","EAR_HUBL_SEX_NB","SEX_T","2021",35.17,,"T30:379","R1:3513"
"ZMB","BA:2212","EAR_HUBL_SEX_NB","SEX_M","2021",36.73,,"T30:379","R1:3513"
"ZMB","BA:2212","EAR_HUBL_SEX_NB","SEX_F","2021",32.31,,"T30:379","R1:3513"
"ZMB","BA:2212","EAR_HUBL_SEX_NB","SEX_T","2020",33.96,,"T30:379","R1:3513"
"ZMB","BA:2212","EAR_HUBL_SEX_NB","SEX_M","2020",32.79,,"T30:379","R1:3513"
"ZMB","BA:2212","EAR_HUBL_SEX_NB","SEX_F","2020",36.02,,"T30:379","R1:3513"
"ZMB","BA:2212","EAR_HUBL_SEX_NB","SEX_T","2019",37.17,,"T30:379","R1:3513"
"ZMB","BA:2212","EAR_HUBL_SEX_NB","SEX_M","2019",39.9,,"T30:379","R1:3513"
"ZMB","BA:2212","EAR_HUBL_SEX_NB","SEX_F","2019",32.31,,"T30:379","R1:3513"
"ZMB","BA:2212","EAR_HUBL_SEX_NB","SEX_T","2018",30.01,"B","I11:264_T30:379","R1:3513"
"ZMB","BA:2212","EAR_HUBL_SEX_NB","SEX_M","2018",29,"B","I11:264_T30:379","R1:3513"
"ZMB","BA:2212","EAR_HUBL_SEX_NB","SEX_F","2018",31.8,"B","I11:264_T30:379","R1:3513"
"ZMB","BA:2212","EAR_HUBL_SEX_NB","SEX_T","2017",38.23,"B","I11:264_T30:379","R1:3513"
"ZMB","BA:2212","EAR_HUBL_SEX_NB","SEX_M","2017",38.6,"B","I11:264_T30:379","R1:3513"
"ZMB","BA:2212","EAR_HUBL_SEX_NB","SEX_F","2017",37.61,"B","I11:264_T30:379","R1:3513"
"ZWE","BA:1823","EAR_HUBL_SEX_NB","SEX_T","2022",291.97,,"T30:58","R1:3513"
"ZWE","BA:1823","EAR_HUBL_SEX_NB","SEX_M","2022",296.92,,"T30:58","R1:3513"
"ZWE","BA:1823","EAR_HUBL_SEX_NB","SEX_F","2022",285.81,,"T30:58","R1:3513"
"ZWE","BA:1823","EAR_HUBL_SEX_NB","SEX_T","2021",180.63,,"T30:58","R1:3513"
"ZWE","BA:1823","EAR_HUBL_SEX_NB","SEX_M","2021",182.71,,"T30:58","R1:3513"
"ZWE","BA:1823","EAR_HUBL_SEX_NB","SEX_F","2021",177.69,,"T30:58","R1:3513"
